route_id,month,time_difference
01,2022-01,4.21827719758534
01,2022-02,6.3316754987719746
01,2022-03,5.03087094586772
01,2022-04,4.86921329363372
01,2022-05,5.05190093684636
01,2022-06,5.030293007403064
01,2022-07,5.326409527652532
01,2022-08,6.096880774653029
01,2022-09,9.135757525828557
01,2022-10,7.7953073315376615
01,2022-11,5.870398047174575
01,2022-12,4.527470669427191
04,2022-01,1.464966543766216
04,2022-02,1.40332750837338
04,2022-03,2.2878733785552776
04,2022-04,2.6679116151740323
04,2022-05,2.479525279814743
04,2022-06,4.673317984139166
04,2022-07,5.074730202158383
04,2022-08,4.548945578231292
04,2022-09,6.2224105865522175
04,2022-10,5.339613626921479
04,2022-11,5.275106705218229
04,2022-12,5.648230951385987
07,2022-01,2.206267159565039
07,2022-02,3.1506699269779594
07,2022-03,4.340912032278939
07,2022-04,4.594950099800399
07,2022-05,4.9523323020067895
07,2022-06,5.55141186248277
07,2022-07,4.736304239832394
07,2022-08,4.589397263437446
07,2022-09,6.807525282569899
07,2022-10,5.869974974651048
07,2022-11,5.489548796791444
07,2022-12,3.8733119114562413
08,2022-01,5.062805882805883
08,2022-02,6.1896994508565975
08,2022-03,5.886025417574436
08,2022-04,6.3159081900231735
08,2022-05,6.806231525245704
08,2022-06,6.548517735062387
08,2022-07,4.475700598435802
08,2022-08,5.073010998535521
08,2022-09,8.922409877023915
08,2022-10,8.277609028842136
08,2022-11,7.308297060307847
08,2022-12,5.469739936151989
09,2022-01,2.7829428400923693
09,2022-02,3.744504456401199
09,2022-03,3.7484088920007004
09,2022-04,3.840174278846154
09,2022-05,4.043493335249524
09,2022-06,4.676265367150293
09,2022-07,4.836682106968386
09,2022-08,6.178796609972177
09,2022-09,8.160283154674687
09,2022-10,6.185873512452459
09,2022-11,5.515509545778478
09,2022-12,5.53233181431992
10,2022-01,3.179892253054837
10,2022-02,3.863396664555626
10,2022-03,4.259719715768103
10,2022-04,4.058700750469043
10,2022-05,4.5523204104903074
10,2022-06,4.69382258535162
10,2022-07,4.374270450483019
10,2022-08,5.454171011470281
10,2022-09,6.624423732210865
10,2022-10,5.7604946211412535
10,2022-11,5.269965267440707
10,2022-12,4.666619580145183
100,2022-01,1.5104251527494907
100,2022-02,1.507116788321168
100,2022-03,1.8459704097314475
100,2022-04,1.548639926233287
100,2022-05,2.4369888934594814
100,2022-06,3.0119557429453265
100,2022-07,2.48018200057323
100,2022-08,2.6876349689972203
100,2022-09,3.637505499340079
100,2022-10,2.843654865023968
100,2022-11,2.850457629565468
100,2022-12,2.2252380135517624
101,2022-01,2.26962891136852
101,2022-02,4.068835309912732
101,2022-03,3.4189055079597983
101,2022-04,3.4762639821029087
101,2022-05,4.649661520395123
101,2022-06,4.067696841734846
101,2022-07,2.010328624681185
101,2022-08,1.7039496176338282
101,2022-09,2.9675914497307
101,2022-10,2.8071135578583766
101,2022-11,2.777946551788445
101,2022-12,2.0856645396879174
104,2022-01,3.11225422953818
104,2022-02,4.9330159151193635
104,2022-03,4.4729999546217725
104,2022-04,4.83033107781537
104,2022-05,6.797905324038739
104,2022-06,6.28177230348131
104,2022-07,4.178603987088078
104,2022-08,3.5817346082872
104,2022-09,3.9113656975193387
104,2022-10,3.6913545883940624
104,2022-11,3.156814329401485
104,2022-12,3.39031644063764
105,2022-01,0.4351427579623362
105,2022-02,1.5153184892897409
105,2022-03,0.6647199287680103
105,2022-04,1.2201319283817358
105,2022-05,2.3301334353221144
105,2022-06,2.3284084084084085
105,2022-07,1.4073807655418957
105,2022-08,1.7231898482209504
105,2022-09,2.969476490124104
105,2022-10,2.1231199449320255
105,2022-11,2.1073530684670647
105,2022-12,1.9528046093882392
106,2022-01,0.7260917681110071
106,2022-02,1.217156951758368
106,2022-03,1.1539236138971356
106,2022-04,1.2222716562716562
106,2022-05,1.9983424561403509
106,2022-06,1.2961563064942287
106,2022-07,1.0664188455433965
106,2022-08,1.1695134990644214
106,2022-09,2.4394737597199505
106,2022-10,2.0554346026490067
106,2022-11,1.692717627545184
106,2022-12,2.0222526392632525
108,2022-01,2.3885987544483984
108,2022-02,3.1432450393999813
108,2022-03,2.287724178013949
108,2022-04,2.2212151891304983
108,2022-05,3.007452442235437
108,2022-06,2.68678066850448
108,2022-07,2.0192972229695396
108,2022-08,2.1257797189092336
108,2022-09,3.7164345018450184
108,2022-10,4.207382862981998
108,2022-11,3.5272368582657823
108,2022-12,2.640615034168565
109,2022-01,1.2563558851962788
109,2022-02,2.4334492549098665
109,2022-03,2.3992505914413202
109,2022-04,2.5468105795410345
109,2022-05,5.409037914920267
109,2022-06,4.983766521996449
109,2022-07,2.9219502901186454
109,2022-08,2.882190870023514
109,2022-09,3.2131511310624066
109,2022-10,3.046091153531406
109,2022-11,2.5924228982935866
109,2022-12,2.712094575454996
11,2022-01,4.420042419705557
11,2022-02,5.513829604130809
11,2022-03,5.319861729361314
11,2022-04,5.364032567049808
11,2022-05,5.474889994584349
11,2022-06,5.769682726204465
11,2022-07,5.351412458970599
11,2022-08,6.299340112328274
11,2022-09,8.301483510522889
11,2022-10,7.81701772770937
11,2022-11,6.903441067695771
11,2022-12,6.796383765815998
110,2022-01,1.2353108737332237
110,2022-02,2.022530955918772
110,2022-03,2.055293647962217
110,2022-04,2.358094447123542
110,2022-05,3.6790984783232847
110,2022-06,3.671602730819246
110,2022-07,3.3330742659758203
110,2022-08,2.8660082220288965
110,2022-09,4.24177251306973
110,2022-10,3.515268220693089
110,2022-11,3.449585869765726
110,2022-12,3.3233694330658587
111,2022-01,2.605417318330582
111,2022-02,4.3230747864210315
111,2022-03,3.1883016532290904
111,2022-04,1.8078338470906117
111,2022-05,3.287046502634152
111,2022-06,3.631817067103889
111,2022-07,2.5178486466529435
111,2022-08,2.4479440875316714
111,2022-09,4.204826301180403
111,2022-10,3.9244591732977603
111,2022-11,2.8938720983777086
111,2022-12,2.6373124092443887
112,2022-01,-0.2215614773258532
112,2022-02,1.0861568149502334
112,2022-03,0.8619076012543615
112,2022-04,1.1245083344688196
112,2022-05,1.72706080926965
112,2022-06,1.6954373748407063
112,2022-07,1.9509206862480912
112,2022-08,2.1688012272627657
112,2022-09,3.39641014300457
112,2022-10,2.9736926942587587
112,2022-11,2.75379054318093
112,2022-12,2.0849463896005314
114,2022-01,2.253350023843586
114,2022-02,3.8519904257999498
114,2022-03,5.543721682847896
114,2022-04,5.258533516357813
114,2022-05,8.34229475100942
114,2022-06,6.173922083606916
114,2022-07,3.388015526443474
114,2022-08,2.409731113956466
114,2022-09,3.2467413441955193
114,2022-10,4.283401499659169
114,2022-11,4.426272912423625
114,2022-12,4.658708920187793
116,2022-01,0.5289334018147578
116,2022-02,1.4475118551105524
116,2022-03,1.3889985142151218
116,2022-04,1.3391010219924588
116,2022-05,3.1305377156529404
116,2022-06,3.5259643565798338
116,2022-07,3.2623266692654673
116,2022-08,2.687014114532295
116,2022-09,3.985022728086188
116,2022-10,4.0432528075687
116,2022-11,3.0287656113854196
116,2022-12,2.263843825033929
117,2022-01,0.6508114585343885
117,2022-02,1.4563883486153562
117,2022-03,1.624540309258808
117,2022-04,1.3925714045345559
117,2022-05,2.825920602629872
117,2022-06,3.209604317084473
117,2022-07,2.9652833005774184
117,2022-08,2.609960918070063
117,2022-09,3.3894885771304324
117,2022-10,3.7013119084305526
117,2022-11,2.7131894983504456
117,2022-12,2.6167091114883982
119,2022-01,0.7225537063267233
119,2022-02,1.7643049799355306
119,2022-03,1.68711624603955
119,2022-04,1.090930946587881
119,2022-05,3.0330082135523617
119,2022-06,2.513257443082312
119,2022-07,1.4153416518122401
119,2022-08,1.4236152903153907
119,2022-09,2.0691108047561606
119,2022-10,2.535960548885077
119,2022-11,1.5317020166898472
119,2022-12,1.61342757180746
120,2022-01,2.0070252641772766
120,2022-02,3.486012288786482
120,2022-03,2.6978808266621246
120,2022-04,3.140500847868217
120,2022-05,4.138021805469143
120,2022-06,3.9115108133737113
120,2022-07,4.054154375614552
120,2022-08,5.174709621840002
120,2022-09,4.955302324136216
120,2022-10,4.833900947537312
120,2022-11,4.24648158499472
120,2022-12,4.25366387167335
121,2022-01,1.6199769053117783
121,2022-02,2.2598599255854674
121,2022-03,2.6660552763819094
121,2022-04,4.030458553791887
121,2022-05,5.217438764643238
121,2022-06,3.8278122308354865
121,2022-07,1.994073083778966
121,2022-08,2.4727814885496184
121,2022-09,3.5495082815734986
121,2022-10,3.5928949164107813
121,2022-11,4.0027436946148605
121,2022-12,2.979112554112554
131,2022-01,3.8606611488816633
131,2022-02,4.881558935361217
131,2022-03,4.483820145158435
131,2022-04,4.982551020408164
131,2022-05,7.59542993962107
131,2022-06,6.7202324055852305
131,2022-07,4.34421041921042
131,2022-08,5.093975361927884
131,2022-09,4.478277846280312
131,2022-10,4.575749475890985
131,2022-11,3.953538318912237
131,2022-12,3.6215358215358218
132,2022-01,1.100406756290934
132,2022-02,1.301554514480409
132,2022-03,1.6750675310642895
132,2022-04,1.7854404671236355
132,2022-05,2.135824776197999
132,2022-06,2.469717122517797
132,2022-07,2.458082918739635
132,2022-08,2.297045400663822
132,2022-09,2.0632156708078617
132,2022-10,2.253395837360655
132,2022-11,2.481981448588909
132,2022-12,2.3084945820433433
134,2022-01,1.3973344147066775
134,2022-02,2.338859085978952
134,2022-03,2.255081078262683
134,2022-04,2.1721185585290668
134,2022-05,4.237958206239632
134,2022-06,3.4172511978097195
134,2022-07,1.8178618411845384
134,2022-08,2.023687594036384
134,2022-09,3.817386549270427
134,2022-10,3.541265419816952
134,2022-11,3.0550837353740365
134,2022-12,2.6804256860062767
137,2022-01,2.566905304262935
137,2022-02,3.8788732557064964
137,2022-03,3.266549343970591
137,2022-04,3.0549934583515044
137,2022-05,4.906006129782287
137,2022-06,4.644561590122221
137,2022-07,2.7317685539752006
137,2022-08,2.9838768461424365
137,2022-09,4.519348881657111
137,2022-10,4.476786848591102
137,2022-11,4.369078603532978
137,2022-12,3.7990808727802947
14,2022-01,0.29303118265382416
14,2022-02,1.3169370100027036
14,2022-03,1.846159706778684
14,2022-04,1.5102876564701981
14,2022-05,2.264793523661887
14,2022-06,3.330122247341539
14,2022-07,1.2908351762716275
14,2022-08,2.1875618419383485
14,2022-09,5.787335098476403
14,2022-10,4.558665320771646
14,2022-11,3.4815511833475905
14,2022-12,2.8938131143126427
15,2022-01,1.2446427729531462
15,2022-02,2.1118156303318494
15,2022-03,1.7713363268807785
15,2022-04,1.8273525209226371
15,2022-05,2.339983089064262
15,2022-06,2.396934634893291
15,2022-07,2.035429483432156
15,2022-08,2.0239576047775327
15,2022-09,3.374877586255696
15,2022-10,2.6721511781475713
15,2022-11,2.56312154959071
15,2022-12,2.103901383019956
16,2022-01,2.730856386109476
16,2022-02,3.59142020734981
16,2022-03,3.7504420630926654
16,2022-04,3.7274078272094706
16,2022-05,4.569734902709294
16,2022-06,5.082366329016541
16,2022-07,4.086077484438721
16,2022-08,5.0236425085258025
16,2022-09,8.12018828790874
16,2022-10,7.48575993200277
16,2022-11,6.672583880379285
16,2022-12,5.166253650529726
17,2022-01,2.714380987585867
17,2022-02,3.7042296168802196
17,2022-03,3.3971924713677777
17,2022-04,3.213498059431754
17,2022-05,4.033747726798438
17,2022-06,4.113565068695088
17,2022-07,3.7989272204569526
17,2022-08,3.713524995060265
17,2022-09,5.05578049753075
17,2022-10,4.480850686752326
17,2022-11,4.245775204401082
17,2022-12,3.9153633526526974
171,2022-01,0.3420408163265306
171,2022-02,0.1824561403508772
171,2022-03,0.059205020920502074
171,2022-04,-0.023363095238095235
171,2022-05,0.012053571428571426
171,2022-06,-0.34782608695652173
171,2022-07,-0.7613700564971752
171,2022-08,-0.5896
171,2022-09,-0.19876783398184178
171,2022-10,-0.9963709677419355
171,2022-11,-0.02438725490196076
171,2022-12,-0.6543963254593176
18,2022-01,1.499802371541502
18,2022-02,3.6740281690140844
18,2022-03,3.3494204338466633
18,2022-04,3.6500932994062767
18,2022-05,4.2881093721892425
18,2022-06,5.980554139044705
18,2022-07,4.197629233511586
18,2022-08,3.7935326953748008
18,2022-09,7.740939476061427
18,2022-10,7.359628670120898
18,2022-11,5.019272826681247
18,2022-12,5.268900255754476
19,2022-01,6.464235437496891
19,2022-02,8.090031954787936
19,2022-03,7.9667604912998975
19,2022-04,7.2023483296843
19,2022-05,7.4040792941446085
19,2022-06,7.739165404313641
19,2022-07,6.255395408834834
19,2022-08,6.919086938719803
19,2022-09,12.557955670156796
19,2022-10,12.127411927239235
19,2022-11,11.546861439095771
19,2022-12,8.586949685534591
191,2022-01,3.3086765513454144
191,2022-02,4.39817474566128
191,2022-03,3.5891692954784435
191,2022-04,2.5308783415166394
191,2022-05,1.8540495867768596
191,2022-06,2.177941981390257
191,2022-07,3.0991940126655155
191,2022-08,2.3679344955097728
191,2022-09,1.7663067552602436
191,2022-10,2.171467539552646
191,2022-11,1.7133221850613154
191,2022-12,2.142955874534822
192,2022-01,0.2617857142857143
192,2022-02,0.4143151815181518
192,2022-03,2.6209545115585384
192,2022-04,3.072170542635659
192,2022-05,2.0015892420537895
192,2022-06,3.7427570093457945
192,2022-07,1.9673046251993622
192,2022-08,2.089970824215901
192,2022-09,3.1795862607338017
192,2022-10,2.5124627976190474
192,2022-11,2.4116438356164385
192,2022-12,2.5516629711751664
193,2022-01,3.8616892911010554
193,2022-02,3.6373442367601245
193,2022-03,3.4851612903225804
193,2022-04,3.5177559912854033
193,2022-05,3.1161265432098766
193,2022-06,4.199350152905199
193,2022-07,2.0529924242424245
193,2022-08,4.449725085910653
193,2022-09,4.379726651480638
193,2022-10,3.497576435495899
193,2022-11,3.8344917787742903
193,2022-12,5.406704119850187
194,2022-01,1.089080459770115
194,2022-02,0.9159056316590564
194,2022-03,0.42448377581120944
194,2022-04,0.8183118741058656
194,2022-05,1.3345333333333333
194,2022-06,-0.7057246376811595
194,2022-07,1.3694244604316546
194,2022-08,0.579281045751634
194,2022-09,1.750700934579439
194,2022-10,1.74203216374269
194,2022-11,1.5602564102564103
194,2022-12,2.6625498007968127
201,2022-01,0.8814265536723165
201,2022-02,1.3285215674947042
201,2022-03,1.2762114631238288
201,2022-04,1.6107953541777071
201,2022-05,1.6783886854951187
201,2022-06,2.178673645157016
201,2022-07,1.1198330224709123
201,2022-08,0.606404508774177
201,2022-09,2.47887346527396
201,2022-10,1.7615012524833722
201,2022-11,1.8878409616273695
201,2022-12,1.5227134146341463
202,2022-01,1.917339637107079
202,2022-02,2.8975279329608936
202,2022-03,2.660430736905298
202,2022-04,3.478383411969208
202,2022-05,2.8040895061728395
202,2022-06,3.249949341438703
202,2022-07,2.3721483942414174
202,2022-08,2.0103218780251693
202,2022-09,4.945612134344529
202,2022-10,4.212809845727162
202,2022-11,3.884171220400729
202,2022-12,4.766874566874567
21,2022-01,3.326070526695527
21,2022-02,3.8168569142812543
21,2022-03,4.30056516781518
21,2022-04,4.162024527125338
21,2022-05,5.201732254310801
21,2022-06,4.627579882969105
21,2022-07,3.779598235444238
21,2022-08,3.611385191206856
21,2022-09,5.2794751532495985
21,2022-10,4.8246928876469655
21,2022-11,4.239730214510579
21,2022-12,2.763247029935363
210,2022-01,2.4544550017927573
210,2022-02,2.9055325034578146
210,2022-03,2.4244900676359378
210,2022-04,2.158475734791524
210,2022-05,2.454100208044383
210,2022-06,3.2031275254566025
210,2022-07,1.2367933803047682
210,2022-08,1.2573475403498597
210,2022-09,4.283092738407699
210,2022-10,3.4867391077756933
210,2022-11,4.40088591771292
210,2022-12,2.749298523206751
211,2022-01,2.5833889609988256
211,2022-02,2.8210741389375364
211,2022-03,2.608896625905797
211,2022-04,2.4533709569755446
211,2022-05,2.9474936902036744
211,2022-06,3.424096747089185
211,2022-07,3.5488857142857144
211,2022-08,4.025570151432221
211,2022-09,3.7565692326313243
211,2022-10,3.1180966555769567
211,2022-11,3.6384828349944627
211,2022-12,3.413728272437034
215,2022-01,2.8234291537812766
215,2022-02,3.2787752392404426
215,2022-03,3.748851313267952
215,2022-04,4.017209107417237
215,2022-05,4.519643923730761
215,2022-06,4.771502939301651
215,2022-07,4.5349035653076495
215,2022-08,4.572129970587555
215,2022-09,5.206734115067448
215,2022-10,4.655037542662116
215,2022-11,4.444814950980392
215,2022-12,4.034399085191538
216,2022-01,1.0330072601409819
216,2022-02,1.4912675695801918
216,2022-03,1.4251617490936042
216,2022-04,1.5701053976365378
216,2022-05,1.5644072751571343
216,2022-06,1.9424681800288675
216,2022-07,1.7036426930806776
216,2022-08,1.6784462419952815
216,2022-09,2.193059738955823
216,2022-10,2.0012522686025407
216,2022-11,1.979158005249344
216,2022-12,1.7870071516440442
217,2022-01,0.5131690140845071
217,2022-02,0.6900342382000489
217,2022-03,0.19599587203302377
217,2022-04,-0.7683858004018754
217,2022-05,-0.33332225177304964
217,2022-06,-0.5716847018883938
217,2022-07,-1.4997747747747747
217,2022-08,-1.5712102308172178
217,2022-09,0.6301951652251053
217,2022-10,0.8372613561553653
217,2022-11,0.7626606978879706
217,2022-12,0.1977568572756857
22,2022-01,0.9663819388880479
22,2022-02,1.634637213058023
22,2022-03,1.77529920099926
22,2022-04,1.3199199816145746
22,2022-05,2.263813620369601
22,2022-06,2.8334961236914724
22,2022-07,2.0401771737326957
22,2022-08,2.0425684644908086
22,2022-09,3.9429533875580978
22,2022-10,3.5687274295656244
22,2022-11,3.5689890894901923
22,2022-12,2.723823438106325
220,2022-01,1.6244743781626398
220,2022-02,1.965676442283341
220,2022-03,1.7195446131888228
220,2022-04,1.7808461359404097
220,2022-05,2.4048330547041887
220,2022-06,2.7242011098354384
220,2022-07,3.535061133753242
220,2022-08,3.1523275204878978
220,2022-09,3.583205683635051
220,2022-10,3.7343650678994513
220,2022-11,2.9628541747824957
220,2022-12,1.9698426701955594
222,2022-01,0.879664355243025
222,2022-02,1.2557158119658118
222,2022-03,1.2743834341554212
222,2022-04,1.9051838399286305
222,2022-05,2.407962507100928
222,2022-06,2.207813047773847
222,2022-07,1.9709931778518166
222,2022-08,1.7112724505327246
222,2022-09,2.5264686170034514
222,2022-10,2.5211717647058824
222,2022-11,2.1448939035606363
222,2022-12,1.4514027333709485
225,2022-01,2.282053224117295
225,2022-02,2.498963112497706
225,2022-03,1.7600284824210057
225,2022-04,1.6123180546834865
225,2022-05,1.9983050847457628
225,2022-06,1.7089641396724895
225,2022-07,1.5794077603812118
225,2022-08,1.5270439531065034
225,2022-09,1.688924306535026
225,2022-10,1.4979255532465638
225,2022-11,1.3046389301069132
225,2022-12,1.218755730189915
226,2022-01,0.2531757986568757
226,2022-02,0.491123046875
226,2022-03,0.6634025632223366
226,2022-04,1.075077187982425
226,2022-05,1.6483315295815297
226,2022-06,1.709653948535936
226,2022-07,1.5552387185240588
226,2022-08,1.2286384580804677
226,2022-09,1.8416928575830407
226,2022-10,1.9271568451847874
226,2022-11,1.9989414971160548
226,2022-12,1.9084612954186413
23,2022-01,0.9774752637980343
23,2022-02,1.7907067396514347
23,2022-03,1.8040796954210538
23,2022-04,1.7303161859767289
23,2022-05,2.2873444782662955
23,2022-06,2.857317737262846
23,2022-07,2.1088328304748383
23,2022-08,1.8592393519327162
23,2022-09,4.537557293219796
23,2022-10,3.8764074439041725
23,2022-11,3.3360334297653487
23,2022-12,2.2459928508816867
230,2022-01,1.640327112181417
230,2022-02,2.4364418252767384
230,2022-03,2.093454383997009
230,2022-04,2.119924419169826
230,2022-05,2.406053887717768
230,2022-06,2.3250187130266813
230,2022-07,2.0151783104355454
230,2022-08,2.003272529708235
230,2022-09,3.1313430420711974
230,2022-10,2.7459050017992084
230,2022-11,2.4449194167306216
230,2022-12,2.4240054415765866
236,2022-01,3.056781215907964
236,2022-02,3.7089063992359117
236,2022-03,3.8498599845500197
236,2022-04,4.370458644051275
236,2022-05,5.415731070496084
236,2022-06,5.063742690058479
236,2022-07,4.7197750839783845
236,2022-08,4.662083036773429
236,2022-09,5.034904610090582
236,2022-10,4.69016274338855
236,2022-11,4.587667916276164
236,2022-12,4.51513059141399
238,2022-01,-0.6214580261073789
238,2022-02,-0.13593554215112044
238,2022-03,-0.3208479646247887
238,2022-04,-0.18000964940495334
238,2022-05,0.19851039016115352
238,2022-06,0.5492938533140748
238,2022-07,0.7883044471315329
238,2022-08,0.7596315614532997
238,2022-09,1.603662194589878
238,2022-10,1.3525301015188478
238,2022-11,1.2271221100075118
238,2022-12,0.6275206787414559
24,2022-01,5.4268677467539925
24,2022-02,5.835
24,2022-03,6.023660617844026
24,2022-04,6.2639305007036175
24,2022-05,6.637657281176497
24,2022-06,5.93589564081023
24,2022-07,4.302976146967814
24,2022-08,4.016662051140035
24,2022-09,5.471419319483885
24,2022-10,4.955847738139021
24,2022-11,4.535877843152238
24,2022-12,3.8315493698734966
240,2022-01,-0.5733749300055996
240,2022-02,-0.11487914644012945
240,2022-03,-0.16569846921147116
240,2022-04,0.04469472253120751
240,2022-05,0.9319957877530491
240,2022-06,0.9897582285502959
240,2022-07,0.023976023201352382
240,2022-08,-0.08183633613790875
240,2022-09,1.985521700309321
240,2022-10,1.8798275756742724
240,2022-11,1.501586412840612
240,2022-12,0.5285580304806565
245,2022-01,1.3844951675920216
245,2022-02,3.02197923569693
245,2022-03,3.1439172089660157
245,2022-04,3.3130758807588077
245,2022-05,5.505162936788379
245,2022-06,4.594520417853751
245,2022-07,3.3273419806464894
245,2022-08,2.85536925050394
245,2022-09,4.783139083139083
245,2022-10,4.399586532782044
245,2022-11,3.8487856709168184
245,2022-12,2.9915601541894907
26,2022-01,2.4867372056284216
26,2022-02,3.059021568627451
26,2022-03,3.7328001538353965
26,2022-04,3.133955724913809
26,2022-05,4.2243747915971985
26,2022-06,4.1528681044437
26,2022-07,3.3058168884809547
26,2022-08,3.24626637151817
26,2022-09,7.291579341317365
26,2022-10,5.819645054890956
26,2022-11,5.793074581430746
26,2022-12,2.742420091324201
28,2022-01,-0.4466449075366184
28,2022-02,0.7382753366755136
28,2022-03,0.40650911688697744
28,2022-04,0.5035511356436496
28,2022-05,0.5018823932883913
28,2022-06,2.567204275433743
28,2022-07,3.0689713690521554
28,2022-08,3.257040618340278
28,2022-09,5.174270631650367
28,2022-10,4.822885983207658
28,2022-11,4.595828793521213
28,2022-12,3.3314463273092705
29,2022-01,3.5602617328519854
29,2022-02,3.906221027257556
29,2022-03,3.3123022664799544
29,2022-04,3.189097854442847
29,2022-05,3.9674430598533634
29,2022-06,4.838394231020004
29,2022-07,5.194179269749687
29,2022-08,5.258109297487598
29,2022-09,6.531058375194873
29,2022-10,5.780111912530769
29,2022-11,5.4942492959834
29,2022-12,4.129728940296764
30,2022-01,2.497940511908731
30,2022-02,3.025598908918406
30,2022-03,2.7793245894867296
30,2022-04,3.023719140867155
30,2022-05,3.5016253177245553
30,2022-06,3.581008083181996
30,2022-07,2.6594480531395646
30,2022-08,3.1240548040235865
30,2022-09,4.036872473355384
30,2022-10,4.261007139766335
30,2022-11,4.0941074392636185
30,2022-12,3.2701680216802167
31,2022-01,2.1259745263348746
31,2022-02,2.5492697312985677
31,2022-03,2.585428883406802
31,2022-04,2.5354878975360906
31,2022-05,2.9345218989616337
31,2022-06,3.167815778048541
31,2022-07,2.680980019850688
31,2022-08,2.988229439116536
31,2022-09,3.617959602084867
31,2022-10,3.631839065744929
31,2022-11,3.393811695026793
31,2022-12,3.0312214978728615
32,2022-01,2.0609002006018056
32,2022-02,2.559335189184033
32,2022-03,2.5844078927751437
32,2022-04,1.8659062274011617
32,2022-05,2.7036096428544423
32,2022-06,2.2201862193216564
32,2022-07,1.6128766697732217
32,2022-08,1.8113926127308522
32,2022-09,2.8083596463530154
32,2022-10,2.9686405721075166
32,2022-11,2.970712852638906
32,2022-12,2.320763972962066
33,2022-01,2.136132662333124
33,2022-02,3.073819459696903
33,2022-03,3.4290433454267712
33,2022-04,3.3729000884173295
33,2022-05,4.558441649196366
33,2022-06,4.414523359249142
33,2022-07,2.730545617173524
33,2022-08,3.3025299421343024
33,2022-09,5.403598484848485
33,2022-10,4.891345805235298
33,2022-11,4.1621358478994175
33,2022-12,3.1440998217468805
34,2022-01,2.8515614044088724
34,2022-02,3.6118218853135313
34,2022-03,0.9732592104023369
34,2022-04,-0.7227133553243678
34,2022-05,-0.501613678913107
34,2022-06,1.2828943601488692
34,2022-07,3.057509408663589
34,2022-08,3.1248730772145183
34,2022-09,4.66112159425626
34,2022-10,4.873535954785955
34,2022-11,4.813440834603658
34,2022-12,4.3700033366700035
34E,2022-01,2.493706680273845
34E,2022-02,3.11641299095741
34E,2022-03,3.826324585015702
34E,2022-04,4.241895139200159
34E,2022-05,5.661279355324375
34E,2022-06,5.075365704529199
34E,2022-07,3.631006212604499
34E,2022-08,3.547166737713903
34E,2022-09,4.646577916494156
34E,2022-10,5.0262176299979275
34E,2022-11,4.564054000593414
34E,2022-12,4.0634165594972975
35,2022-01,2.815947386519945
35,2022-02,3.271854925464884
35,2022-03,3.5987977522018695
35,2022-04,3.681769301856675
35,2022-05,4.327320473379341
35,2022-06,4.639312306533924
35,2022-07,3.0170265036561754
35,2022-08,3.0634463927993196
35,2022-09,4.213123727087576
35,2022-10,4.708905464435836
35,2022-11,4.733255592986093
35,2022-12,4.324538798570275
350,2022-01,0.11095084339050039
350,2022-02,0.8809471194851516
350,2022-03,0.9689001233045623
350,2022-04,1.8671866066323612
350,2022-05,2.690124842671021
350,2022-06,2.443409028914348
350,2022-07,1.5632264824050983
350,2022-08,1.836566433223958
350,2022-09,3.317293809781628
350,2022-10,3.4607507351669264
350,2022-11,2.633294544941641
350,2022-12,2.6868057734546595
351,2022-01,-0.11892468024632875
351,2022-02,0.4670688788335847
351,2022-03,-0.2911970949161032
351,2022-04,-0.10992212487832013
351,2022-05,-0.3110824401217414
351,2022-06,-0.3269006982156711
351,2022-07,-0.7634744037230947
351,2022-08,-0.9151776584867075
351,2022-09,-0.10338840996168581
351,2022-10,0.03006120527306968
351,2022-11,0.19699741965751819
351,2022-12,-0.07069254732806135
354,2022-01,1.4132968077654358
354,2022-02,3.339177454584199
354,2022-03,4.026302154974783
354,2022-04,4.123484509423641
354,2022-05,6.665189584285062
354,2022-06,8.266979978603088
354,2022-07,5.091251063829787
354,2022-08,4.773653211099611
354,2022-09,5.799841473080909
354,2022-10,6.080347321855572
354,2022-11,5.351540891750119
354,2022-12,3.0339794533824382
36,2022-01,2.8779911360181676
36,2022-02,3.0942001005530417
36,2022-03,3.3067595619907624
36,2022-04,3.0981311087707626
36,2022-05,3.53971315529179
36,2022-06,3.7382720803990606
36,2022-07,3.1300255185249144
36,2022-08,3.2334281977600945
36,2022-09,3.684974102647687
36,2022-10,3.9908677265671
36,2022-11,3.520839118120731
36,2022-12,3.314029919236417
37,2022-01,2.1899699338544796
37,2022-02,2.5195469903641596
37,2022-03,3.2637970639962672
37,2022-04,2.809389425501377
37,2022-05,3.68543839093927
37,2022-06,3.6107192575406035
37,2022-07,3.8518410475820044
37,2022-08,3.082113246100043
37,2022-09,3.5327599342395444
37,2022-10,3.280102220655622
37,2022-11,3.4366621571762392
37,2022-12,2.9158055622152963
38,2022-01,1.796090024043199
38,2022-02,2.49773301835965
38,2022-03,2.7829687722293355
38,2022-04,3.030996155456587
38,2022-05,3.7096566272120004
38,2022-06,3.848163972286374
38,2022-07,2.0757424687886146
38,2022-08,2.0194376717365223
38,2022-09,2.9080106485963215
38,2022-10,4.098039680657656
38,2022-11,2.8535017126821014
38,2022-12,2.1508631662688944
39,2022-01,1.7640380776000208
39,2022-02,3.0590513308117218
39,2022-03,3.0954587384020074
39,2022-04,3.317350828657523
39,2022-05,3.5230011994079518
39,2022-06,4.114276301196488
39,2022-07,2.3959663532904503
39,2022-08,4.694421830097988
39,2022-09,7.2628804796513595
39,2022-10,4.924953145132951
39,2022-11,3.6398345813522237
39,2022-12,2.4259119169184813
40,2022-01,1.7158310055865922
40,2022-02,2.1905521441765266
40,2022-03,2.245110228146629
40,2022-04,2.325218485472432
40,2022-05,2.942971832902436
40,2022-06,2.7256431270773573
40,2022-07,1.6867271407837445
40,2022-08,1.8424500089269773
40,2022-09,3.803070486455822
40,2022-10,3.807451800232288
40,2022-11,3.3955306190955734
40,2022-12,2.634677754677755
41,2022-01,4.34398154927515
41,2022-02,5.810638575605681
41,2022-03,5.369206804020557
41,2022-04,4.921511459239919
41,2022-05,6.498541755584009
41,2022-06,6.576373444767099
41,2022-07,4.602216557416849
41,2022-08,5.539354678243567
41,2022-09,10.55649256165174
41,2022-10,9.12851191769905
41,2022-11,7.760478246841884
41,2022-12,4.6463058094734455
411,2022-01,3.0580451032560494
411,2022-02,4.2250932286555445
411,2022-03,3.3932655367231637
411,2022-04,3.751667266402783
411,2022-05,7.351750590086547
411,2022-06,4.916122043690197
411,2022-07,4.300326856727802
411,2022-08,4.251274686799059
411,2022-09,5.889136266094421
411,2022-10,5.661978990172822
411,2022-11,4.918474979681877
411,2022-12,4.288605559384332
42,2022-01,3.5856705118961787
42,2022-02,4.86615710634443
42,2022-03,5.233450392576731
42,2022-04,5.084066744977561
42,2022-05,5.64940192463351
42,2022-06,4.745252055219481
42,2022-07,2.360656004160978
42,2022-08,2.935836816844713
42,2022-09,4.258875961413114
42,2022-10,3.735959393766085
42,2022-11,3.866391987404951
42,2022-12,3.0634772480694363
424,2022-01,-5.393451352907311
424,2022-02,-3.0793972939729395
424,2022-03,-3.1551022954091814
424,2022-04,-3.8763979370249726
424,2022-05,-2.5489071038251363
424,2022-06,-1.305861526357199
424,2022-07,-2.874578527062999
424,2022-08,-3.74674213836478
424,2022-09,-2.0326474622770916
424,2022-10,-1.5757538377192981
424,2022-11,-3.1010792349726777
424,2022-12,-5.313477198697068
426,2022-01,1.3923857469966439
426,2022-02,2.9019081409305936
426,2022-03,2.8273279611153748
426,2022-04,2.4177642077837485
426,2022-05,4.294209518427826
426,2022-06,3.382939805431698
426,2022-07,1.6184100072708043
426,2022-08,1.3129196386115074
426,2022-09,3.409722359126006
426,2022-10,3.1514996460063074
426,2022-11,2.0474506365289686
426,2022-12,1.7795193213949105
428,2022-01,-1.4132426303854875
428,2022-02,2.3356488181379644
428,2022-03,1.8264840182648403
428,2022-04,0.20144356955380577
428,2022-05,2.9842875318066158
428,2022-06,3.0234680573663626
428,2022-07,-0.10443998215082555
428,2022-08,-0.6184272300469483
428,2022-09,2.987215787215787
428,2022-10,2.329072847682119
428,2022-11,1.556900212314225
428,2022-12,0.9121461765948458
429,2022-01,0.37141005702436497
429,2022-02,1.5865148727384237
429,2022-03,1.5397532662429378
429,2022-04,1.2318817279463161
429,2022-05,2.203835690968444
429,2022-06,2.093704375319663
429,2022-07,1.53704889550757
429,2022-08,1.419157458563536
429,2022-09,3.797979869244156
429,2022-10,3.449789579616669
429,2022-11,3.331184767277856
429,2022-12,2.6577889794227314
43,2022-01,2.496455855855856
43,2022-02,2.9949480529780317
43,2022-03,3.562691513636857
43,2022-04,3.9095000566829152
43,2022-05,4.261444396489714
43,2022-06,4.3912459801062
43,2022-07,3.8444840703756538
43,2022-08,4.348384288978348
43,2022-09,5.818815460881881
43,2022-10,4.406702344546382
43,2022-11,3.9164404307830383
43,2022-12,4.330598384728341
430,2022-01,5.052147343405195
430,2022-02,5.66509488881127
430,2022-03,4.066782236647979
430,2022-04,3.634387691346454
430,2022-05,6.374093614718614
430,2022-06,4.708922663358147
430,2022-07,4.175987467830368
430,2022-08,4.41819273491444
430,2022-09,5.218395181764166
430,2022-10,5.010929557007988
430,2022-11,4.703986032769272
430,2022-12,4.718380755576749
435,2022-01,2.047015034301562
435,2022-02,3.5875223911152054
435,2022-03,2.71431156930126
435,2022-04,2.765309830572467
435,2022-05,3.9245006911673577
435,2022-06,3.546191484356622
435,2022-07,2.905957142857143
435,2022-08,2.8193928379106086
435,2022-09,5.727137207179799
435,2022-10,7.214556429667013
435,2022-11,5.895899005355776
435,2022-12,5.72953297370851
436,2022-01,1.763125177607275
436,2022-02,2.187643165253607
436,2022-03,0.3603002660585329
436,2022-04,0.09953185426419703
436,2022-05,1.3174649050371594
436,2022-06,1.2873344147066774
436,2022-07,1.3907068255369226
436,2022-08,1.5043167128347184
436,2022-09,3.4776894486888295
436,2022-10,4.014160016369961
436,2022-11,3.459817304377801
436,2022-12,2.27283988744767
439,2022-01,0.8665808665808666
439,2022-02,2.4262138188608775
439,2022-03,2.2314176245210726
439,2022-04,3.0709282700421943
439,2022-05,3.0017391304347827
439,2022-06,2.81196682464455
439,2022-07,1.8006301607996522
439,2022-08,2.5193743139407245
439,2022-09,2.8209339774557165
439,2022-10,3.3655486542443067
439,2022-11,2.6797011207970116
439,2022-12,1.6618702136235388
44,2022-01,3.1018367873975077
44,2022-02,3.731620008406894
44,2022-03,3.8271110032505256
44,2022-04,3.524668696139458
44,2022-05,4.176037234845056
44,2022-06,4.287110800702925
44,2022-07,3.7031197250099748
44,2022-08,3.549952032094889
44,2022-09,5.031764511601024
44,2022-10,4.440585770687293
44,2022-11,4.4189818436664705
44,2022-12,4.091831158692985
441,2022-01,1.1861280206603948
441,2022-02,1.8034278246883795
441,2022-03,1.601676371978119
441,2022-04,2.1369069123314066
441,2022-05,3.058663101604278
441,2022-06,3.1532715709655723
441,2022-07,2.8538374448814205
441,2022-08,3.069649214965272
441,2022-09,3.228725616094906
441,2022-10,3.5901580459770117
441,2022-11,2.6221877282688095
441,2022-12,1.3672039933867481
442,2022-01,1.1489950045815969
442,2022-02,1.851367960763458
442,2022-03,1.8041768750493954
442,2022-04,2.1308368495077357
442,2022-05,2.774027825786381
442,2022-06,2.780414345916954
442,2022-07,2.7148836791520705
442,2022-08,2.4107436488293366
442,2022-09,3.113797033702678
442,2022-10,3.3843003266288463
442,2022-11,2.629717605973025
442,2022-12,1.9656036770280514
45,2022-01,1.4337092042537587
45,2022-02,2.0090732797140305
45,2022-03,3.063411319589221
45,2022-04,3.543782689660756
45,2022-05,4.170748862897986
45,2022-06,4.12199402722021
45,2022-07,3.4344470220384284
45,2022-08,3.2638714733542322
45,2022-09,4.696808041768375
45,2022-10,4.349666256662566
45,2022-11,4.201184548060962
45,2022-12,3.5334279700425864
450,2022-01,1.2958754502149414
450,2022-02,2.8441166190022242
450,2022-03,4.352549727845085
450,2022-04,5.508841478064485
450,2022-05,9.18207805211615
450,2022-06,9.316513649161463
450,2022-07,7.349570858283433
450,2022-08,5.650499260775617
450,2022-09,5.2227245415434895
450,2022-10,5.582916421424367
450,2022-11,3.0597700741161704
450,2022-12,1.992266777669858
451,2022-01,1.1706954436450838
451,2022-02,2.0470041862899007
451,2022-03,2.2425913908717283
451,2022-04,2.3011585807385955
451,2022-05,3.547239766081871
451,2022-06,3.479869684499314
451,2022-07,2.440985015966593
451,2022-08,2.489709595959596
451,2022-09,4.263177194227585
451,2022-10,4.552604976671851
451,2022-11,1.973901098901099
451,2022-12,1.4773193473193473
455,2022-01,0.122071928988653
455,2022-02,1.299968025114819
455,2022-03,1.4845462171656267
455,2022-04,1.7689813776082568
455,2022-05,2.6775033452274752
455,2022-06,2.781872053492609
455,2022-07,2.218785623662633
455,2022-08,2.0064059170114077
455,2022-09,3.608656006091757
455,2022-10,3.6577738241070215
455,2022-11,2.1534637606544247
455,2022-12,1.1614397653000594
456,2022-01,0.05155172413793103
456,2022-02,1.6062364593005263
456,2022-03,1.8650557620817845
456,2022-04,2.576595453300466
456,2022-05,5.553243390569637
456,2022-06,4.4906855049712195
456,2022-07,2.785149665794827
456,2022-08,1.8156899109792286
456,2022-09,4.326739188826216
456,2022-10,4.963856098931984
456,2022-11,3.5376522702104096
456,2022-12,2.0620581837955414
47,2022-01,4.67913650705271
47,2022-02,6.016825489908616
47,2022-03,5.446188790308821
47,2022-04,5.432943742478941
47,2022-05,5.876697572538782
47,2022-06,6.370926618316141
47,2022-07,5.938042723429952
47,2022-08,6.295362174202319
47,2022-09,9.14592299527164
47,2022-10,8.308009792808111
47,2022-11,7.242834344583492
47,2022-12,5.177991502690298
50,2022-01,3.1362480508576227
50,2022-02,3.485618656205243
50,2022-03,4.412094697566872
50,2022-04,4.3885550665763935
50,2022-05,5.561868037703514
50,2022-06,3.6009304207119737
50,2022-07,1.976878306878307
50,2022-08,1.7882682542461914
50,2022-09,3.103614056144562
50,2022-10,2.990673051863435
50,2022-11,3.4635594367722717
50,2022-12,2.602678629477927
501,2022-01,3.213519060079011
501,2022-02,4.58828903654485
501,2022-03,6.953488322986613
501,2022-04,6.989091967925458
501,2022-05,8.80843183609141
501,2022-06,9.847250348769181
501,2022-07,9.45773593136542
501,2022-08,10.415179988844555
501,2022-09,13.247622553029062
501,2022-10,12.957655279503106
501,2022-11,11.288335325166816
501,2022-12,8.404122287968441
504,2022-01,3.989783953782518
504,2022-02,5.162386316659777
504,2022-03,7.135486767346698
504,2022-04,8.039628309236154
504,2022-05,9.205316107955602
504,2022-06,9.788404829996823
504,2022-07,8.861538329911019
504,2022-08,8.935594528027538
504,2022-09,13.415111558285675
504,2022-10,11.680757103082755
504,2022-11,10.596860563142808
504,2022-12,8.613474946714353
505,2022-01,-2.542710306602119
505,2022-02,-1.0888928628199015
505,2022-03,-0.6833870056497174
505,2022-04,-0.377644245142003
505,2022-05,0.8445160894129208
505,2022-06,3.183510979090221
505,2022-07,5.1974642738451315
505,2022-08,5.369521800281294
505,2022-09,9.459688725963085
505,2022-10,9.05979526425955
505,2022-11,7.658323396926338
505,2022-12,5.584380403458213
51,2022-01,0.7908699845679013
51,2022-02,1.2841094721443373
51,2022-03,1.1558797985061664
51,2022-04,1.1855574324324325
51,2022-05,2.0383733992361264
51,2022-06,2.490457651055384
51,2022-07,1.4034376330353342
51,2022-08,1.1839991653387967
51,2022-09,2.1844794319672762
51,2022-10,2.543243396440313
51,2022-11,2.1789916627339943
51,2022-12,1.4600603544381654
52,2022-01,3.7512101485561677
52,2022-02,5.682885488586178
52,2022-03,4.408118757215279
52,2022-04,4.180750812382418
52,2022-05,5.857793624161073
52,2022-06,5.6090035201733
52,2022-07,2.8547698524244556
52,2022-08,3.524374967914164
52,2022-09,8.68296346490485
52,2022-10,8.956538067599864
52,2022-11,9.052385404272197
52,2022-12,5.637770729755986
55,2022-01,1.6658819836785939
55,2022-02,2.1809746328437916
55,2022-03,2.065687474500204
55,2022-04,3.078534502135311
55,2022-05,3.5031873329220646
55,2022-06,3.4259492343192783
55,2022-07,2.6816971544715447
55,2022-08,3.615576609616952
55,2022-09,5.0920163546374
55,2022-10,3.2642563769995676
55,2022-11,2.458507054116656
55,2022-12,1.8741929094870273
553,2022-01,-0.16951941287878788
553,2022-02,0.5773476232137649
553,2022-03,0.5747454489355137
553,2022-04,1.0588478710661005
553,2022-05,1.7557577763070813
553,2022-06,1.8007821901323706
553,2022-07,1.531081081081081
553,2022-08,1.4072454378576829
553,2022-09,2.1948051192553812
553,2022-10,2.9165403170227426
553,2022-11,1.703545974997079
553,2022-12,1.2265901060070672
554,2022-01,2.1216514459665143
554,2022-02,1.7889555222388807
554,2022-03,2.0277122254998363
554,2022-04,2.178408692604276
554,2022-05,3.533460559796438
554,2022-06,3.668524096385542
554,2022-07,2.420061728395062
554,2022-08,1.9933690012970169
554,2022-09,2.785255066387142
554,2022-10,3.918710359408034
554,2022-11,3.4150245375613437
554,2022-12,3.0256521739130435
556,2022-01,0.9144322344322344
556,2022-02,3.1744352236053484
556,2022-03,2.115398201669878
556,2022-04,1.3184741049704554
556,2022-05,3.7289711505039973
556,2022-06,4.36286307053942
556,2022-07,3.0092676481691205
556,2022-08,4.2755544005544
556,2022-09,6.505042170883755
556,2022-10,5.0295601291364
556,2022-11,5.571324599708879
556,2022-12,3.6904578754578754
558,2022-01,-0.06352272727272727
558,2022-02,1.378870808678501
558,2022-03,0.05951666666666665
558,2022-04,1.9098434004474274
558,2022-05,1.8205574261129818
558,2022-06,1.7174019607843138
558,2022-07,3.6474980299448383
558,2022-08,4.026666666666666
558,2022-09,4.3291807591131155
558,2022-10,3.6119592875318065
558,2022-11,4.341285767372724
558,2022-12,2.85440215301807
57,2022-01,4.384527777777778
57,2022-02,6.821810891389425
57,2022-03,6.2504832670025685
57,2022-04,6.634927353084736
57,2022-05,6.7258423568239945
57,2022-06,6.95048813228385
57,2022-07,5.130421710500374
57,2022-08,6.078779058523188
57,2022-09,10.598244801317685
57,2022-10,9.417074377311634
57,2022-11,8.724606843001908
57,2022-12,6.668495107189321
59,2022-01,0.6250085822176451
59,2022-02,1.2891736534552845
59,2022-03,1.1138432767743112
59,2022-04,1.3613301473516528
59,2022-05,2.295973597359736
59,2022-06,2.288881871345029
59,2022-07,2.012890341321714
59,2022-08,1.7253371345823152
59,2022-09,3.293341610672899
59,2022-10,3.1638574393810734
59,2022-11,2.9065602580769414
59,2022-12,2.042216009417304
60,2022-01,3.053878975062915
60,2022-02,3.635935332663701
60,2022-03,3.774665463840024
60,2022-04,3.798805005405654
60,2022-05,4.346241368487131
60,2022-06,6.064198036006546
60,2022-07,4.853819871532049
60,2022-08,4.620937677549058
60,2022-09,7.161052717063437
60,2022-10,6.882693205307728
60,2022-11,5.643910831837223
60,2022-12,4.611622660799218
61,2022-01,0.2205639097744361
61,2022-02,0.2969436485195797
61,2022-03,0.6325783102458504
61,2022-04,1.029029702970297
61,2022-05,1.776377358490566
61,2022-06,2.2801750972762647
61,2022-07,2.974930291508238
61,2022-08,2.743703007518797
61,2022-09,3.497473160513224
61,2022-10,3.6055429436246693
61,2022-11,2.91305599162742
61,2022-12,2.8935227561657766
62,2022-01,1.842551844819241
62,2022-02,2.4763537832310836
62,2022-03,2.1092803978505392
62,2022-04,2.8779405334499346
62,2022-05,3.481178633294446
62,2022-06,3.6845432300163132
62,2022-07,2.959747064137308
62,2022-08,3.524750538055175
62,2022-09,6.4654437531288
62,2022-10,6.230145152928979
62,2022-11,4.937125706214689
62,2022-12,4.107462403421634
64,2022-01,1.6807066480706647
64,2022-02,2.33298776849642
64,2022-03,2.56052540913006
64,2022-04,3.0736082847193957
64,2022-05,3.5316019968232357
64,2022-06,3.611060361812646
64,2022-07,2.86213833011849
64,2022-08,3.382734260929314
64,2022-09,4.968232443263899
64,2022-10,4.547566697948787
64,2022-11,3.5612660100799927
64,2022-12,2.957458276950834
65,2022-01,4.4953347611509455
65,2022-02,6.301578325186108
65,2022-03,5.8632654684269125
65,2022-04,5.837784705984238
65,2022-05,7.028891313836752
65,2022-06,7.350742839422644
65,2022-07,6.452051491994177
65,2022-08,6.921886149854038
65,2022-09,10.574576015450539
65,2022-10,10.411922067433878
65,2022-11,9.659627373598719
65,2022-12,7.103301343016889
66,2022-01,4.537525568041796
66,2022-02,5.847641190340144
66,2022-03,4.871552031566354
66,2022-04,4.44660358960295
66,2022-05,5.151051711961816
66,2022-06,4.547422290083917
66,2022-07,4.031225479910217
66,2022-08,4.3380461803086385
66,2022-09,6.997300603836208
66,2022-10,6.40709551412044
66,2022-11,5.580131398118264
66,2022-12,4.118447736439369
67,2022-01,1.716358715938783
67,2022-02,1.9240016176321908
67,2022-03,2.4171935987509756
67,2022-04,3.2516100405679516
67,2022-05,3.805071548821549
67,2022-06,3.5356435643564357
67,2022-07,2.5896392803332446
67,2022-08,2.376991150442478
67,2022-09,3.546541750503018
67,2022-10,3.3881785384679923
67,2022-11,3.0269362806664994
67,2022-12,2.700531462585034
68,2022-01,1.804390243902439
68,2022-02,2.884188831855654
68,2022-03,1.780910455910456
68,2022-04,1.1021156558533145
68,2022-05,1.4662193973634652
68,2022-06,1.004918644573817
68,2022-07,0.43181365221723966
68,2022-08,0.8204444444444444
68,2022-09,1.3129795597484277
68,2022-10,1.4546816479400748
68,2022-11,0.9543238993710692
68,2022-12,0.5534085566525623
69,2022-01,1.4078695743974905
69,2022-02,1.946214269417555
69,2022-03,1.8012375371698441
69,2022-04,2.3454096876414665
69,2022-05,2.4811809217386123
69,2022-06,2.2319515554357916
69,2022-07,2.0820798935558984
69,2022-08,2.570055835213794
69,2022-09,4.1423411463102
69,2022-10,3.778766735247637
69,2022-11,2.6689313000334827
69,2022-12,1.961165063229866
70,2022-01,1.9555367084203201
70,2022-02,2.7415679362310414
70,2022-03,3.2495339446198686
70,2022-04,3.925701390452299
70,2022-05,5.1855044115636595
70,2022-06,5.43052562898006
70,2022-07,4.521039026543093
70,2022-08,4.654827736545403
70,2022-09,5.263348171253425
70,2022-10,5.031128386262575
70,2022-11,4.290229303383503
70,2022-12,3.152202993603688
71,2022-01,1.8072658171249723
71,2022-02,2.392043306310381
71,2022-03,2.0943997759251327
71,2022-04,2.173222152297042
71,2022-05,2.4961954727226034
71,2022-06,1.813690672732387
71,2022-07,1.4656713770110723
71,2022-08,1.2281809091883014
71,2022-09,2.148258887063289
71,2022-10,2.4181091063362534
71,2022-11,2.2930006634442233
71,2022-12,1.8112713439501518
73,2022-01,2.208593886845332
73,2022-02,2.9464585650189825
73,2022-03,2.5762368573465206
73,2022-04,2.354252609655726
73,2022-05,2.8196212711728097
73,2022-06,1.7166007142768258
73,2022-07,1.433431274097767
73,2022-08,1.2734269446052886
73,2022-09,2.2060174388474296
73,2022-10,2.524242308524586
73,2022-11,2.579471561502037
73,2022-12,1.9599276642965764
74,2022-01,2.371863269071706
74,2022-02,2.5056857152558485
74,2022-03,2.269678296592027
74,2022-04,2.3076488365064973
74,2022-05,2.518039821489873
74,2022-06,2.550219337511191
74,2022-07,2.7457772936793585
74,2022-08,2.714079940317351
74,2022-09,3.7448487946954208
74,2022-10,3.6075250174894307
74,2022-11,3.5423649471023313
74,2022-12,2.8140917602996254
743,2022-01,1.9890652991079292
743,2022-02,1.667056857232115
743,2022-03,2.4630617147698515
743,2022-04,3.4857232760412025
743,2022-05,4.369406678268436
743,2022-06,4.62642903962901
743,2022-07,3.9480079958282635
743,2022-08,3.9824204765838767
743,2022-09,4.314423928164917
743,2022-10,4.091788335934339
743,2022-11,3.4329146684935674
743,2022-12,2.806694027827688
746_,2022-01,2.9477271276256145
746_,2022-02,0.7856899318090653
746_,2022-03,3.6201375583394744
746_,2022-04,4.511968551391628
746_,2022-05,4.0962179377808114
746_,2022-06,2.7931472237628645
746_,2022-07,2.816616805752375
746_,2022-08,1.3823721645520952
746_,2022-09,2.6877613391678823
746_,2022-10,4.33424576371608
746_,2022-11,2.858004125019832
746_,2022-12,2.2917008114405077
75,2022-01,2.0051164358695086
75,2022-02,2.393408194753986
75,2022-03,2.324152935570436
75,2022-04,2.2258079625292737
75,2022-05,2.5494387073571723
75,2022-06,2.3431329366612577
75,2022-07,2.4492951939183096
75,2022-08,2.395414204871239
75,2022-09,3.4433176285826463
75,2022-10,3.4463370384566248
75,2022-11,3.2887175819227
75,2022-12,2.681875607385811
76,2022-01,0.6585244417622208
76,2022-02,1.8009627364367427
76,2022-03,1.109235304470257
76,2022-04,1.505682042184112
76,2022-05,2.5432952924393724
76,2022-06,2.6970763400108284
76,2022-07,2.4147020399959804
76,2022-08,2.7946349701221096
76,2022-09,6.039026473099915
76,2022-10,5.864737144498708
76,2022-11,4.719317428760768
76,2022-12,4.19113171659534
77,2022-01,2.248043029503603
77,2022-02,2.7655098601812633
77,2022-03,2.9630770658855563
77,2022-04,3.3736676869064226
77,2022-05,3.61663986420084
77,2022-06,3.7840147225368064
77,2022-07,3.4436892135888453
77,2022-08,3.2634569298362406
77,2022-09,4.548416994931157
77,2022-10,4.84417469717166
77,2022-11,4.444934297395759
77,2022-12,3.9596636093086794
78,2022-01,2.44589323605846
78,2022-02,3.085663082437276
78,2022-03,2.810056339940266
78,2022-04,3.0018008348240905
78,2022-05,3.8182918133094104
78,2022-06,3.583486879798327
78,2022-07,2.7827870200667326
78,2022-08,2.687201017811705
78,2022-09,4.266019474287854
78,2022-10,4.46671244792382
78,2022-11,4.271682181008551
78,2022-12,3.1006849154410903
80,2022-01,2.7964180937436036
80,2022-02,3.585174779245421
80,2022-03,2.592369093231162
80,2022-04,2.4007710157945956
80,2022-05,2.6030071205065664
80,2022-06,2.514742308736092
80,2022-07,2.477043978197566
80,2022-08,2.4274019503671695
80,2022-09,3.8180082796688133
80,2022-10,3.5321831105917867
80,2022-11,2.9097705049895684
80,2022-12,2.589767511850124
83,2022-01,1.8820098265008445
83,2022-02,2.331196622987157
83,2022-03,2.436360494253867
83,2022-04,2.5164148952208656
83,2022-05,3.4932867049258727
83,2022-06,3.389882406151063
83,2022-07,2.322164032831067
83,2022-08,3.533887188456493
83,2022-09,4.947453169696411
83,2022-10,4.701178076500787
83,2022-11,4.272977493917275
83,2022-12,3.7730606195346077
85,2022-01,0.7595417451349655
85,2022-02,1.4249291475910182
85,2022-03,1.4572656532754253
85,2022-04,0.891302564102564
85,2022-05,1.549799732977303
85,2022-06,0.6844378988708886
85,2022-07,0.6491429324894514
85,2022-08,0.43157547791694134
85,2022-09,1.3707498144023758
85,2022-10,1.0856546303119627
85,2022-11,1.2617524700988039
85,2022-12,1.2879437693590658
86,2022-01,-0.10567499515785396
86,2022-02,0.9812066548620333
86,2022-03,1.0164924424353723
86,2022-04,1.5270879751536022
86,2022-05,2.522322108791711
86,2022-06,2.443229114389909
86,2022-07,2.5294946175831323
86,2022-08,3.331927601958658
86,2022-09,5.719939600040605
86,2022-10,4.538800858298258
86,2022-11,3.124801084354316
86,2022-12,2.1669528467386105
87,2022-01,2.6709574900430786
87,2022-02,3.3154564690096504
87,2022-03,2.9956289783395156
87,2022-04,3.0883454337027128
87,2022-05,3.294927156316032
87,2022-06,3.6448730068696036
87,2022-07,3.238271278301584
87,2022-08,3.321625269159615
87,2022-09,4.792665659960706
87,2022-10,4.581356265433556
87,2022-11,4.008921725627214
87,2022-12,3.786504912128375
88,2022-01,2.669485019724917
88,2022-02,3.291916576566323
88,2022-03,2.883960138214232
88,2022-04,2.756472441218956
88,2022-05,3.134548125108001
88,2022-06,3.1670974760661443
88,2022-07,3.109105499679007
88,2022-08,3.0170301274230718
88,2022-09,4.541707678467481
88,2022-10,4.379698081993486
88,2022-11,3.8381365926878956
88,2022-12,3.3293945141010783
89,2022-01,2.443513494468325
89,2022-02,3.2647956246401844
89,2022-03,3.255071617118871
89,2022-04,3.4461958022645676
89,2022-05,4.323607770370879
89,2022-06,3.499395629939563
89,2022-07,2.726066777002231
89,2022-08,2.8379425189455985
89,2022-09,4.381545458944211
89,2022-10,4.307127875430317
89,2022-11,3.4724114710321605
89,2022-12,2.8261461856444945
90,2022-01,1.6806277056277057
90,2022-02,2.978284837934179
90,2022-03,2.388679517724352
90,2022-04,2.7642455735180906
90,2022-05,4.5697681559957015
90,2022-06,4.4573751320356125
90,2022-07,4.03091112138016
90,2022-08,3.9917605893186003
90,2022-09,5.4052648347272
90,2022-10,5.282458205792324
90,2022-11,5.604421196087863
90,2022-12,4.249661648418491
91,2022-01,1.3994123998172834
91,2022-02,2.1252609461840857
91,2022-03,1.9213322996183206
91,2022-04,1.7983481788148705
91,2022-05,2.3154679182412936
91,2022-06,2.6023973869098977
91,2022-07,1.9548222413581007
91,2022-08,2.789373253493014
91,2022-09,5.861852117731515
91,2022-10,3.580977940843412
91,2022-11,2.8700095903548433
91,2022-12,1.8953975661085187
92,2022-01,2.8025807407407406
92,2022-02,4.2338886854632
92,2022-03,3.3340191036002937
92,2022-04,2.5173610156285804
92,2022-05,3.0015994604229896
92,2022-06,3.4210839060710194
92,2022-07,2.576564151342211
92,2022-08,2.7240049200492007
92,2022-09,3.456098217783
92,2022-10,2.951936424208773
92,2022-11,2.135917683656377
92,2022-12,2.371432552954292
93,2022-01,2.263369842707733
93,2022-02,4.111642047813964
93,2022-03,2.7269864014385257
93,2022-04,1.6327320368350902
93,2022-05,2.1579340452070213
93,2022-06,2.830672203558542
93,2022-07,1.9799320404442236
93,2022-08,1.8897984011122697
93,2022-09,2.656870046786976
93,2022-10,2.343787504949892
93,2022-11,1.4985090521831737
93,2022-12,1.4151681516815167
94,2022-01,1.9795247222518013
94,2022-02,2.7658382397342995
94,2022-03,1.8546024828314842
94,2022-04,1.61463380962242
94,2022-05,2.0212085789794676
94,2022-06,1.713647070872593
94,2022-07,1.8926206683168316
94,2022-08,2.0719008812032067
94,2022-09,3.0231886283744585
94,2022-10,2.7700073274713564
94,2022-11,2.206309879468425
94,2022-12,1.6816236722306523
95,2022-01,0.7220726495726496
95,2022-02,1.708548637582945
95,2022-03,1.3571049680215816
95,2022-04,1.5003695779031316
95,2022-05,2.369460884188739
95,2022-06,3.4220584011488753
95,2022-07,2.2413595005645215
95,2022-08,2.250839451104296
95,2022-09,4.032942641689699
95,2022-10,3.665646528881823
95,2022-11,3.009976694770032
95,2022-12,1.7803702949462037
96,2022-01,3.414295480440562
96,2022-02,4.445058978800627
96,2022-03,3.573859523809524
96,2022-04,3.164594628514056
96,2022-05,3.8508386827024763
96,2022-06,3.084552303322218
96,2022-07,3.3035585918266865
96,2022-08,3.2621074577078866
96,2022-09,4.880583308479968
96,2022-10,4.769915367917855
96,2022-11,3.783694944944945
96,2022-12,3.034531470918044
97,2022-01,2.3246481754213715
97,2022-02,3.93463623644631
97,2022-03,2.4516144018583046
97,2022-04,2.9124214596423394
97,2022-05,3.942352472089314
97,2022-06,3.20840562248996
97,2022-07,2.4855794822163078
97,2022-08,2.8739398084815324
97,2022-09,4.069780767314399
97,2022-10,3.9527493453939537
97,2022-11,4.983778767631774
97,2022-12,5.66934861179563
99,2022-01,2.548710025505199
99,2022-02,2.9378215348639456
99,2022-03,2.542989049740163
99,2022-04,2.663329491981177
99,2022-05,3.2350602523958627
99,2022-06,3.0741037101114954
99,2022-07,3.181443005550021
99,2022-08,2.8691905222882954
99,2022-09,3.4288196480938415
99,2022-10,3.6377462340672073
99,2022-11,3.499925001209658
99,2022-12,3.274066143231025
CT2,2022-01,5.6715821165605895
CT2,2022-02,6.372459696300756
CT2,2022-03,5.960134616439107
CT2,2022-04,6.638557305016478
CT2,2022-05,7.271723232142324
CT2,2022-06,7.1676907388256925
CT2,2022-07,6.13271645021645
CT2,2022-08,7.165603967410556
CT2,2022-09,12.272112873134327
CT2,2022-10,9.49905695438075
CT2,2022-11,7.656881199952194
CT2,2022-12,5.503479952936917
CT3,2022-01,3.661098620111978
CT3,2022-02,4.340800252047889
CT3,2022-03,4.0097338403041825
CT3,2022-04,3.8292726487674673
CT3,2022-05,4.347708207906884
CT3,2022-06,4.12510285669927
CT3,2022-07,3.300741673663588
CT3,2022-08,3.40249761879564
CT3,2022-09,6.993851113942623
CT3,2022-10,5.933931452406249
CT3,2022-11,5.128279307540374
CT3,2022-12,3.4579148429701294
SL1,2022-01,0.5113120050893142
SL1,2022-02,-0.6272702165722719
SL1,2022-03,1.3768206339743732
SL1,2022-04,2.3923180942201494
SL1,2022-05,3.896266907262604
SL1,2022-06,4.173031692757039
SL1,2022-07,4.483233931274946
SL1,2022-08,4.314998338156732
SL1,2022-09,3.0498918448632297
SL1,2022-10,3.1038253889589713
SL1,2022-11,2.7807440746017353
SL1,2022-12,2.7090399788077955
SL2,2022-01,1.0706242907483723
SL2,2022-02,-1.3549559712951647
SL2,2022-03,1.049742704172215
SL2,2022-04,1.3044713397209615
SL2,2022-05,1.4731982862541948
SL2,2022-06,1.0090084705743463
SL2,2022-07,0.2208993842078674
SL2,2022-08,0.17724734207586978
SL2,2022-09,1.4183950237007377
SL2,2022-10,1.5073615488518686
SL2,2022-11,1.0175526271706963
SL2,2022-12,0.9752882614320266
SL4,2022-01,0.034745902314471624
SL4,2022-02,0.3626458781362007
SL4,2022-03,0.9608334293063073
SL4,2022-04,1.0762972380298934
SL4,2022-05,1.2461331083305893
SL4,2022-06,1.748041404785533
SL4,2022-07,0.7016794851671636
SL4,2022-08,1.1993463043030677
SL4,2022-09,3.25810493510929
SL4,2022-10,2.1697891641123355
SL4,2022-11,2.131688089837296
SL4,2022-12,1.650826907324238
SL5,2022-01,0.006911034213316962
SL5,2022-02,0.3676476879399525
SL5,2022-03,0.5937409958875763
SL5,2022-04,0.7168470844666684
SL5,2022-05,0.8139309193844338
SL5,2022-06,1.4388716019348817
SL5,2022-07,0.9724336334103443
SL5,2022-08,1.4570260914446402
SL5,2022-09,3.67697113594041
SL5,2022-10,2.4122226915529272
SL5,2022-11,2.4281450621499796
SL5,2022-12,2.3685007686466264
