weekly,mode,route_id,bin,arrival_departure,num_predictions,num_accurate_predictions,ObjectId,accuracy_percentage
2021-01-22 05:00:00+00:00,bus,Unknown,12-30 min,departure,1530075,1394979,400,91.17062889074064
2021-03-05 05:00:00+00:00,bus,Unknown,12-30 min,departure,1612256,1463544,224,90.7761546553401
2020-10-30 04:00:00+00:00,bus,Unknown,12-30 min,departure,1652403,1499831,352,90.76665922296195
2021-01-29 05:00:00+00:00,bus,Unknown,12-30 min,departure,1619321,1469203,204,90.72957122151816
2020-12-11 05:00:00+00:00,bus,Unknown,12-30 min,departure,1528106,1382793,376,90.49064659127049
2022-01-28 05:00:00+00:00,bus,Unknown,12-30 min,departure,1566549,1410309,296,90.02648496791355
2020-10-16 04:00:00+00:00,bus,Unknown,12-30 min,departure,1644358,1479665,94,89.98435863723107
2020-11-20 05:00:00+00:00,bus,Unknown,12-30 min,departure,1645690,1480682,364,89.97332425912535
2021-02-05 05:00:00+00:00,bus,Unknown,12-30 min,departure,1598282,1437989,208,89.97091877403362
2022-02-18 05:00:00+00:00,bus,Unknown,12-30 min,departure,1531389,1376745,108,89.90171667682084
2020-10-23 04:00:00+00:00,bus,Unknown,12-30 min,departure,1636936,1469351,98,89.76227537301398
2020-11-06 05:00:00+00:00,bus,Unknown,12-30 min,departure,1603173,1438282,356,89.71470951668972
2020-12-04 05:00:00+00:00,bus,Unknown,12-30 min,departure,1595427,1431329,372,89.71447769155216
2022-03-11 05:00:00+00:00,bus,Unknown,12-30 min,departure,1527483,1369485,120,89.65631696064702
2020-09-24 04:00:00+00:00,bus,Unknown,12-30 min,departure,1660710,1488898,82,89.65430448422663
2022-04-08 04:00:00+00:00,bus,Unknown,12-30 min,departure,1545344,1384921,136,89.61894568458544
2021-02-19 05:00:00+00:00,bus,Unknown,12-30 min,departure,1527437,1368282,216,89.58025764728758
2021-01-01 05:00:00+00:00,bus,Unknown,12-30 min,departure,1449400,1297502,388,89.51993928522147
2022-04-01 04:00:00+00:00,bus,Unknown,12-30 min,departure,1551858,1389084,132,89.51102484892304
2023-02-03 05:00:00+00:00,bus,Unknown,12-30 min,departure,1842189,1648323,454,89.47632409052491
2022-02-11 05:00:00+00:00,bus,Unknown,12-30 min,departure,1558913,1394213,104,89.434946016872
2021-01-08 05:00:00+00:00,bus,Unknown,12-30 min,departure,1433038,1281412,392,89.41926173625544
2022-08-12 04:00:00+00:00,bus,Unknown,12-30 min,departure,1841414,1646054,405,89.39076166467726
2021-01-15 05:00:00+00:00,bus,Unknown,12-30 min,departure,1586724,1418309,396,89.38599277505098
2020-10-01 04:00:00+00:00,bus,Unknown,12-30 min,departure,1660847,1483235,86,89.3059384759704
2022-08-05 04:00:00+00:00,bus,Unknown,12-30 min,departure,1837769,1640666,350,89.27487622220202
2020-09-17 04:00:00+00:00,bus,Unknown,12-30 min,departure,1653961,1476352,78,89.26159685748334
2023-02-17 05:00:00+00:00,bus,Unknown,12-30 min,departure,1837743,1640246,462,89.25328514378779
2022-08-19 04:00:00+00:00,bus,Unknown,12-30 min,departure,1847219,1648382,409,89.23587295280095
2021-12-17 05:00:00+00:00,bus,Unknown,12-30 min,departure,1514711,1351092,276,89.19800542809817
2022-04-15 04:00:00+00:00,bus,Unknown,12-30 min,departure,1561224,1391983,140,89.15972339651454
2023-03-31 04:00:00+00:00,bus,Unknown,12-30 min,departure,1880460,1675708,487,89.11160035310509
2022-07-22 04:00:00+00:00,bus,Unknown,12-30 min,departure,1829936,1630072,342,89.07808797684727
2020-11-13 05:00:00+00:00,bus,Unknown,12-30 min,departure,1660575,1479005,360,89.06583562922482
2021-12-10 05:00:00+00:00,bus,Unknown,12-30 min,departure,1540840,1370828,272,88.96627813400482
2021-04-16 04:00:00+00:00,bus,Unknown,12-30 min,departure,1572361,1398676,236,88.95387255216836
2022-07-29 04:00:00+00:00,bus,Unknown,12-30 min,departure,1858099,1652418,346,88.9305682851129
2022-07-15 04:00:00+00:00,bus,Unknown,12-30 min,departure,1847174,1642396,338,88.91398428085282
2023-02-10 05:00:00+00:00,bus,Unknown,12-30 min,departure,1804093,1603460,458,88.87901011754937
2020-10-09 04:00:00+00:00,bus,Unknown,12-30 min,departure,1641765,1458758,90,88.85303316857163
2022-08-26 04:00:00+00:00,bus,Unknown,12-30 min,departure,1836703,1630816,413,88.790403238847
2022-01-21 05:00:00+00:00,bus,Unknown,12-30 min,departure,1463831,1299626,292,88.78251656099646
2023-02-24 05:00:00+00:00,bus,Unknown,12-30 min,departure,1750781,1553319,466,88.7214905804895
2021-02-26 05:00:00+00:00,bus,Unknown,12-30 min,departure,1633116,1448540,220,88.69792470345034
2023-03-03 05:00:00+00:00,bus,Unknown,12-30 min,departure,1811987,1607068,470,88.6909232792509
2022-01-07 05:00:00+00:00,bus,Unknown,12-30 min,departure,1337749,1186429,284,88.68846098931863
2021-04-02 04:00:00+00:00,bus,Unknown,12-30 min,departure,1539018,1363500,228,88.59545502391785
2022-05-13 04:00:00+00:00,bus,Unknown,12-30 min,departure,1519972,1346466,306,88.58492130118186
2022-04-29 04:00:00+00:00,bus,Unknown,12-30 min,departure,1535030,1359656,148,88.57520699921174
2023-03-10 05:00:00+00:00,bus,Unknown,12-30 min,departure,1830296,1620851,474,88.55676895977481
2023-01-13 05:00:00+00:00,bus,Unknown,12-30 min,departure,1817294,1608696,592,88.52150505091636
2022-03-04 05:00:00+00:00,bus,Unknown,12-30 min,departure,1491435,1320223,116,88.52031768062302
2023-08-18 04:00:00+00:00,bus,Unknown,12-30 min,departure,1733422,1534296,766,88.51254916575422
2021-08-20 04:00:00+00:00,bus,Unknown,12-30 min,departure,1552558,1373367,8,88.45833778834673
2020-12-18 05:00:00+00:00,bus,Unknown,12-30 min,departure,1515342,1340156,380,88.43917742661392
2023-08-11 04:00:00+00:00,bus,Unknown,12-30 min,departure,1758263,1554957,762,88.4371109441534
2021-04-30 04:00:00+00:00,bus,Unknown,12-30 min,departure,1536010,1358320,244,88.43171593934936
2021-08-06 04:00:00+00:00,bus,Unknown,12-30 min,departure,1616111,1428326,201,88.38043921488065
2021-02-12 05:00:00+00:00,bus,Unknown,12-30 min,departure,1618405,1430343,212,88.37979368575851
2022-05-20 04:00:00+00:00,bus,Unknown,12-30 min,departure,1559933,1377795,310,88.32398570964266
2022-07-08 04:00:00+00:00,bus,Unknown,12-30 min,departure,1717848,1516899,334,88.30228285622476
2022-01-14 05:00:00+00:00,bus,Unknown,12-30 min,departure,1459067,1288306,288,88.29656211812069
2022-09-16 04:00:00+00:00,bus,Unknown,12-30 min,departure,1757242,1551355,425,88.28351473502227
2023-01-27 05:00:00+00:00,bus,Unknown,12-30 min,departure,1837847,1621943,600,88.25234091847689
2023-04-07 04:00:00+00:00,bus,Unknown,12-30 min,departure,1859900,1641268,491,88.2449594064197
2021-04-23 04:00:00+00:00,bus,Unknown,12-30 min,departure,1448670,1277918,240,88.21318864889864
2022-03-18 04:00:00+00:00,bus,Unknown,12-30 min,departure,1516912,1337615,124,88.18013174132712
2023-04-28 04:00:00+00:00,bus,Unknown,12-30 min,departure,1848880,1629983,622,88.16056207000995
2023-04-14 04:00:00+00:00,bus,Unknown,12-30 min,departure,1865042,1643858,495,88.14053517293445
2021-08-13 04:00:00+00:00,bus,Unknown,12-30 min,departure,1594830,1405620,4,88.13603957788605
2020-08-13 04:00:00+00:00,bus,Unknown,12-30 min,departure,1299411,1144723,58,88.0955294360291
2022-04-22 04:00:00+00:00,bus,Unknown,12-30 min,departure,1510351,1330461,144,88.0895235610795
2021-05-14 04:00:00+00:00,bus,Unknown,12-30 min,departure,1539672,1355383,152,88.0306324983503
2023-08-25 04:00:00+00:00,bus,Unknown,12-30 min,departure,1729215,1520812,770,87.9481151852141
2022-12-16 05:00:00+00:00,bus,Unknown,12-30 min,departure,1782991,1567956,576,87.93964747999289
2023-05-05 04:00:00+00:00,bus,Unknown,12-30 min,departure,1872788,1646193,630,87.90065933784284
2021-07-16 04:00:00+00:00,bus,Unknown,12-30 min,departure,1623802,1427037,189,87.88245118555095
2023-01-20 05:00:00+00:00,bus,Unknown,12-30 min,departure,2070137,1818970,596,87.8671314990264
2020-11-27 05:00:00+00:00,bus,Unknown,12-30 min,departure,1493348,1311106,368,87.79641449950046
2021-07-30 04:00:00+00:00,bus,Unknown,12-30 min,departure,1610048,1412956,197,87.75862582978893
2022-10-21 04:00:00+00:00,bus,Unknown,12-30 min,departure,1854534,1627128,445,87.73783602781076
2022-03-25 04:00:00+00:00,bus,Unknown,12-30 min,departure,1521758,1335069,128,87.73201783726454
2022-05-27 04:00:00+00:00,bus,Unknown,12-30 min,departure,1864662,1635819,314,87.72737364734199
2021-05-28 04:00:00+00:00,bus,Unknown,12-30 min,departure,1544224,1354555,160,87.71752025612865
2022-06-10 04:00:00+00:00,bus,Unknown,12-30 min,departure,1847526,1620354,322,87.70398901016819
2021-04-09 04:00:00+00:00,bus,Unknown,12-30 min,departure,1562937,1370719,232,87.70148764793463
2022-11-18 05:00:00+00:00,bus,Unknown,12-30 min,departure,1832187,1606492,560,87.68166131513868
2023-03-17 04:00:00+00:00,bus,Unknown,12-30 min,departure,1831121,1605528,478,87.68006046569288
2022-02-25 05:00:00+00:00,bus,Unknown,12-30 min,departure,1435217,1257453,112,87.61413779240353
2021-07-23 04:00:00+00:00,bus,Unknown,12-30 min,departure,1599959,1401778,193,87.61337009260862
2022-10-14 04:00:00+00:00,bus,Unknown,12-30 min,departure,1832256,1604850,441,87.58874305773865
2022-12-09 05:00:00+00:00,bus,Unknown,12-30 min,departure,1819444,1593321,572,87.57186261297407
2020-08-20 04:00:00+00:00,bus,Unknown,12-30 min,departure,1273146,1113883,62,87.49059416594798
2022-10-28 04:00:00+00:00,bus,Unknown,12-30 min,departure,1852326,1619746,449,87.44389486515873
2021-06-18 04:00:00+00:00,bus,Unknown,12-30 min,departure,1532498,1339454,173,87.40331145619766
2023-01-20 05:00:00+00:00,bus,Unknown,6-12 min,departure,661026,577588,595,87.37750103626786
2022-06-03 04:00:00+00:00,bus,Unknown,12-30 min,departure,1708609,1492657,318,87.3609468286776
2022-05-06 04:00:00+00:00,bus,Unknown,12-30 min,departure,1530952,1337141,302,87.34049140665417
2023-04-21 04:00:00+00:00,bus,Unknown,12-30 min,departure,1779067,1553560,499,87.32442341969133
2023-03-24 04:00:00+00:00,bus,Unknown,12-30 min,departure,1879430,1640829,483,87.30460831209463
2022-11-11 05:00:00+00:00,bus,Unknown,12-30 min,departure,1839611,1605863,556,87.29361805294707
2020-08-06 04:00:00+00:00,bus,Unknown,12-30 min,departure,1261843,1101363,54,87.28209452364517
2023-06-30 04:00:00+00:00,bus,Unknown,12-30 min,departure,1740164,1517965,688,87.23114602991441
2021-01-22 05:00:00+00:00,bus,Unknown,6-12 min,departure,527193,459767,399,87.21037646554488
2021-12-03 05:00:00+00:00,bus,Unknown,12-30 min,departure,1542358,1344701,268,87.18475217815838
2021-06-11 04:00:00+00:00,bus,Unknown,12-30 min,departure,1522167,1327005,169,87.17867356209929
2023-05-12 04:00:00+00:00,bus,Unknown,12-30 min,departure,1851377,1613920,660,87.17403316558432
2022-02-18 05:00:00+00:00,bus,Unknown,6-12 min,departure,515382,449218,107,87.16214380789395
2023-01-06 05:00:00+00:00,bus,Unknown,12-30 min,departure,1674402,1459408,588,87.1599532250917
2022-11-04 04:00:00+00:00,bus,Unknown,12-30 min,departure,1817665,1583518,552,87.11825336351858
2021-07-09 04:00:00+00:00,bus,Unknown,12-30 min,departure,1484925,1292943,185,87.07126622556694
2023-05-19 04:00:00+00:00,bus,Unknown,12-30 min,departure,1837928,1600002,664,87.0546615536626
2021-05-21 04:00:00+00:00,bus,Unknown,12-30 min,departure,1550633,1349223,156,87.01111094630386
2020-08-27 04:00:00+00:00,bus,Unknown,12-30 min,departure,1265382,1100763,66,86.99056885588699
2021-06-25 04:00:00+00:00,bus,Unknown,12-30 min,departure,1585089,1378809,177,86.98621970122812
2022-09-30 04:00:00+00:00,bus,Unknown,12-30 min,departure,1853156,1611731,433,86.97222468049101
2023-02-03 05:00:00+00:00,bus,Unknown,6-12 min,departure,602845,524041,453,86.92798314657996
2021-06-04 04:00:00+00:00,bus,Unknown,12-30 min,departure,1399946,1216857,165,86.92170983737945
2022-06-17 04:00:00+00:00,bus,Unknown,12-30 min,departure,1840715,1599724,326,86.90775052085739
2023-07-28 04:00:00+00:00,bus,Unknown,12-30 min,departure,1740631,1512289,754,86.88165383702807
2022-01-28 05:00:00+00:00,bus,Unknown,6-12 min,departure,530845,461078,295,86.85736891182925
2023-06-16 04:00:00+00:00,bus,Unknown,12-30 min,departure,1763294,1531353,680,86.84615271191305
2021-12-24 05:00:00+00:00,bus,Unknown,12-30 min,departure,1519879,1319815,280,86.83684688057404
2022-03-11 05:00:00+00:00,bus,Unknown,6-12 min,departure,509886,442503,119,86.78469304903449
2023-02-10 05:00:00+00:00,bus,Unknown,6-12 min,departure,582863,505778,457,86.77476525358446
2022-10-07 04:00:00+00:00,bus,Unknown,12-30 min,departure,1847380,1602902,437,86.76623109484784
2023-06-23 04:00:00+00:00,bus,Unknown,12-30 min,departure,1788373,1551368,684,86.74745145447845
2023-02-17 05:00:00+00:00,bus,Unknown,6-12 min,departure,603531,523489,461,86.73771521264028
2021-10-29 04:00:00+00:00,bus,Unknown,12-30 min,departure,1554487,1346918,48,86.64710608708853
2022-12-02 05:00:00+00:00,bus,Unknown,12-30 min,departure,1819204,1575962,568,86.62920705979099
2023-08-04 04:00:00+00:00,bus,Unknown,12-30 min,departure,1744358,1510901,758,86.61645143944075
2022-04-08 04:00:00+00:00,bus,Unknown,6-12 min,departure,522291,452284,135,86.5961695683058
2022-08-12 04:00:00+00:00,bus,Unknown,6-12 min,departure,599286,518867,404,86.5808645621623
2021-01-08 05:00:00+00:00,bus,Unknown,6-12 min,departure,480460,415783,391,86.53852557965284
2022-04-01 04:00:00+00:00,bus,Unknown,6-12 min,departure,522075,451617,131,86.5042378968539
2023-03-31 04:00:00+00:00,bus,Unknown,6-12 min,departure,618052,534638,486,86.5037246056966
2023-05-26 04:00:00+00:00,bus,Unknown,12-30 min,departure,1800194,1557109,668,86.49673312987377
2023-07-21 04:00:00+00:00,bus,Unknown,12-30 min,departure,1741961,1506738,700,86.49665520640244
2023-02-24 05:00:00+00:00,bus,Unknown,6-12 min,departure,567721,490972,465,86.48121172195498
2023-03-03 05:00:00+00:00,bus,Unknown,6-12 min,departure,586361,506985,469,86.46294688766818
2021-08-27 04:00:00+00:00,bus,Unknown,12-30 min,departure,1504344,1300601,12,86.45635572714751
2021-07-02 04:00:00+00:00,bus,Unknown,12-30 min,departure,1628373,1407446,181,86.4326539435375
2023-08-11 04:00:00+00:00,bus,Unknown,6-12 min,departure,574909,496860,761,86.42411233777867
2022-09-23 04:00:00+00:00,bus,Unknown,12-30 min,departure,1851979,1600347,429,86.41280489681579
2023-08-18 04:00:00+00:00,bus,Unknown,6-12 min,departure,567974,490681,765,86.39145453841198
2023-06-09 04:00:00+00:00,bus,Unknown,12-30 min,departure,1768726,1527802,676,86.37867029715174
2022-08-05 04:00:00+00:00,bus,Unknown,6-12 min,departure,600938,518668,349,86.30973577973103
2021-12-17 05:00:00+00:00,bus,Unknown,6-12 min,departure,509076,439345,275,86.30243814283133
2021-01-15 05:00:00+00:00,bus,Unknown,6-12 min,departure,533461,460363,395,86.29740505866408
2022-07-22 04:00:00+00:00,bus,Unknown,6-12 min,departure,595244,513378,341,86.24664843324754
2022-02-11 05:00:00+00:00,bus,Unknown,6-12 min,departure,529553,456699,103,86.24235912174986
2021-10-01 04:00:00+00:00,bus,Unknown,12-30 min,departure,1570643,1353437,32,86.1708867005424
2021-11-12 05:00:00+00:00,bus,Unknown,12-30 min,departure,1555103,1339956,256,86.16509645984864
2023-08-25 04:00:00+00:00,bus,Unknown,6-12 min,departure,564810,486536,769,86.14153432127618
2023-03-10 05:00:00+00:00,bus,Unknown,6-12 min,departure,593188,510971,473,86.1398072786368
2022-04-15 04:00:00+00:00,bus,Unknown,6-12 min,departure,527932,454675,139,86.12378109301956
2021-05-07 04:00:00+00:00,bus,Unknown,12-30 min,departure,1518390,1306101,248,86.01880939679529
2022-07-29 04:00:00+00:00,bus,Unknown,6-12 min,departure,602573,518322,345,86.01812560469851
2022-07-01 04:00:00+00:00,bus,Unknown,12-30 min,departure,1823528,1568186,330,85.99736335279744
2021-03-05 05:00:00+00:00,bus,Unknown,6-12 min,departure,562281,483519,223,85.99241304614597
2022-07-15 04:00:00+00:00,bus,Unknown,6-12 min,departure,604831,520020,337,85.97773592954064
2021-11-19 05:00:00+00:00,bus,Unknown,12-30 min,departure,1581249,1359437,260,85.97235476512554
2020-10-30 04:00:00+00:00,bus,Unknown,6-12 min,departure,577578,496495,351,85.96154978202078
2023-07-07 04:00:00+00:00,bus,Unknown,12-30 min,departure,1622353,1393870,692,85.91656686306864
2022-07-08 04:00:00+00:00,bus,Unknown,6-12 min,departure,553066,475152,333,85.91235042472327
2022-12-23 05:00:00+00:00,bus,Unknown,12-30 min,departure,1766768,1517757,580,85.9058461552394
2021-11-05 04:00:00+00:00,bus,Unknown,12-30 min,departure,1536126,1319309,252,85.88546772855872
2022-03-04 05:00:00+00:00,bus,Unknown,6-12 min,departure,499321,428820,115,85.88062588995857
2020-12-11 05:00:00+00:00,bus,Unknown,6-12 min,departure,532477,457211,375,85.86492937723132
2022-05-13 04:00:00+00:00,bus,Unknown,6-12 min,departure,512904,440241,305,85.83302138411867
2022-01-07 05:00:00+00:00,bus,Unknown,6-12 min,departure,449044,385394,283,85.8254424956129
2023-04-07 04:00:00+00:00,bus,Unknown,6-12 min,departure,616355,528891,490,85.80947668145794
2021-12-10 05:00:00+00:00,bus,Unknown,6-12 min,departure,525824,450979,271,85.76614989045764
2023-04-14 04:00:00+00:00,bus,Unknown,6-12 min,departure,612727,525439,494,85.75417763539063
2022-12-16 05:00:00+00:00,bus,Unknown,6-12 min,departure,584192,500860,575,85.73551161262051
2023-06-02 04:00:00+00:00,bus,Unknown,12-30 min,departure,1681586,1441712,672,85.7352523153737
2023-01-27 05:00:00+00:00,bus,Unknown,6-12 min,departure,604824,518414,599,85.7131992116715
2022-01-21 05:00:00+00:00,bus,Unknown,6-12 min,departure,492957,422528,291,85.71295265104258
2023-04-28 04:00:00+00:00,bus,Unknown,6-12 min,departure,605907,519285,601,85.70374661457947
2020-09-10 04:00:00+00:00,bus,Unknown,12-30 min,departure,1485875,1272553,74,85.64334146546648
2022-02-25 05:00:00+00:00,bus,Unknown,6-12 min,departure,475873,407548,111,85.64217763983247
2021-10-22 04:00:00+00:00,bus,Unknown,12-30 min,departure,1562327,1338009,44,85.64205828869372
2021-01-29 05:00:00+00:00,bus,Unknown,6-12 min,departure,569488,487420,203,85.58916079004298
2022-05-20 04:00:00+00:00,bus,Unknown,6-12 min,departure,526867,450902,309,85.58175023298101
2023-06-30 04:00:00+00:00,bus,Unknown,6-12 min,departure,568550,486483,687,85.56556151613755
2022-12-09 05:00:00+00:00,bus,Unknown,6-12 min,departure,594059,508198,571,85.5467217902599
2022-04-29 04:00:00+00:00,bus,Unknown,6-12 min,departure,516937,442119,147,85.52666959416719
2022-04-22 04:00:00+00:00,bus,Unknown,6-12 min,departure,504737,431323,143,85.45499933628801
2022-01-14 05:00:00+00:00,bus,Unknown,6-12 min,departure,490158,418830,287,85.44795759734616
2022-12-02 05:00:00+00:00,bus,Unknown,6-12 min,departure,584084,498734,567,85.387375788414
2022-10-21 04:00:00+00:00,bus,Unknown,6-12 min,departure,602798,514713,444,85.38731050866127
2023-03-17 04:00:00+00:00,bus,Unknown,6-12 min,departure,597096,509835,477,85.38576711282609
2023-04-21 04:00:00+00:00,bus,Unknown,6-12 min,departure,578857,494069,498,85.35251366054138
2023-05-05 04:00:00+00:00,bus,Unknown,6-12 min,departure,614605,524523,628,85.34310654810814
2021-01-01 05:00:00+00:00,bus,Unknown,6-12 min,departure,497658,424715,387,85.34274541954515
2023-01-06 05:00:00+00:00,bus,Unknown,6-12 min,departure,536577,457922,587,85.34133963997711
2022-03-18 04:00:00+00:00,bus,Unknown,6-12 min,departure,508928,434212,123,85.31894491951711
2022-11-18 05:00:00+00:00,bus,Unknown,6-12 min,departure,592762,505637,559,85.301858081321
2022-05-27 04:00:00+00:00,bus,Unknown,6-12 min,departure,608938,518939,313,85.22033441828232
2022-10-28 04:00:00+00:00,bus,Unknown,6-12 min,departure,600855,511926,448,85.19959058341863
2022-11-11 05:00:00+00:00,bus,Unknown,6-12 min,departure,596065,507625,555,85.16269198828986
2023-06-23 04:00:00+00:00,bus,Unknown,6-12 min,departure,583584,496952,683,85.15517903163897
2020-09-03 04:00:00+00:00,bus,Unknown,12-30 min,departure,1531934,1304491,70,85.15321156133359
2022-11-25 05:00:00+00:00,bus,Unknown,12-30 min,departure,1692787,1441254,564,85.14089486745821
2020-10-16 04:00:00+00:00,bus,Unknown,6-12 min,departure,576105,490498,93,85.14038239557024
2022-06-10 04:00:00+00:00,bus,Unknown,6-12 min,departure,600747,511445,321,85.13484045696441
2022-10-07 04:00:00+00:00,bus,Unknown,6-12 min,departure,597529,508702,436,85.1342780015698
2023-07-14 04:00:00+00:00,bus,Unknown,12-30 min,departure,1741390,1481439,696,85.07221242800291
2020-12-04 05:00:00+00:00,bus,Unknown,6-12 min,departure,556046,472767,371,85.02300169410445
2022-09-30 04:00:00+00:00,bus,Unknown,6-12 min,departure,600014,510087,432,85.01251637461793
2023-05-12 04:00:00+00:00,bus,Unknown,6-12 min,departure,611315,519624,659,85.00102238616752
2022-06-03 04:00:00+00:00,bus,Unknown,6-12 min,departure,551137,468261,317,84.96272251726884
2023-03-24 04:00:00+00:00,bus,Unknown,6-12 min,departure,614551,522055,481,84.94901155477739
2022-03-25 04:00:00+00:00,bus,Unknown,6-12 min,departure,512594,435358,127,84.93232460777925
2022-11-04 04:00:00+00:00,bus,Unknown,6-12 min,departure,589163,500234,551,84.90587494462484
2023-08-04 04:00:00+00:00,bus,Unknown,6-12 min,departure,574591,487803,757,84.89569102196171
2023-06-16 04:00:00+00:00,bus,Unknown,6-12 min,departure,579480,491935,679,84.89248981845793
2023-05-19 04:00:00+00:00,bus,Unknown,6-12 min,departure,605506,513915,663,84.87364287059088
2020-10-23 04:00:00+00:00,bus,Unknown,6-12 min,departure,575194,488148,97,84.8666710709778
2020-11-20 05:00:00+00:00,bus,Unknown,6-12 min,departure,579015,491250,363,84.84236159684983
2021-10-08 04:00:00+00:00,bus,Unknown,12-30 min,departure,1566710,1329181,36,84.83899381506468
2022-12-30 05:00:00+00:00,bus,Unknown,0-3 min,departure,300884,255251,581,84.83369005995665
2023-07-28 04:00:00+00:00,bus,Unknown,6-12 min,departure,575900,488488,753,84.8216704288939
2021-10-15 04:00:00+00:00,bus,Unknown,12-30 min,departure,1566115,1327485,40,84.76293247941562
2021-12-03 05:00:00+00:00,bus,Unknown,6-12 min,departure,527901,447262,267,84.724597983334
2023-05-26 04:00:00+00:00,bus,Unknown,6-12 min,departure,592021,501084,667,84.63956515056054
2020-11-06 05:00:00+00:00,bus,Unknown,6-12 min,departure,564005,477275,355,84.62247675109263
2021-02-05 05:00:00+00:00,bus,Unknown,6-12 min,departure,564719,477720,207,84.59428494525596
2020-09-24 04:00:00+00:00,bus,Unknown,6-12 min,departure,583628,493560,81,84.56756701186372
2022-10-14 04:00:00+00:00,bus,Unknown,6-12 min,departure,599589,507053,440,84.56676156500536
2021-08-20 04:00:00+00:00,bus,Unknown,6-12 min,departure,543125,459159,7,84.54020713463751
2023-07-21 04:00:00+00:00,bus,Unknown,6-12 min,departure,574863,485964,699,84.53561979115024
2023-06-09 04:00:00+00:00,bus,Unknown,6-12 min,departure,581610,491437,675,84.49596808858169
2021-02-19 05:00:00+00:00,bus,Unknown,6-12 min,departure,535636,452451,215,84.46986386277247
2023-07-07 04:00:00+00:00,bus,Unknown,6-12 min,departure,523552,441872,691,84.39887537436587
2022-05-06 04:00:00+00:00,bus,Unknown,6-12 min,departure,520534,439110,301,84.35760200102203
2021-12-24 05:00:00+00:00,bus,Unknown,6-12 min,departure,509539,429776,279,84.34604613189569
2022-06-17 04:00:00+00:00,bus,Unknown,6-12 min,departure,602036,507488,325,84.29529131148303
2021-08-13 04:00:00+00:00,bus,Unknown,6-12 min,departure,561098,472923,3,84.28527636883396
2023-06-02 04:00:00+00:00,bus,Unknown,6-12 min,departure,545986,460094,671,84.26846109607206
2021-08-06 04:00:00+00:00,bus,Unknown,6-12 min,departure,568257,478724,200,84.24427679729418
2021-04-16 04:00:00+00:00,bus,Unknown,6-12 min,departure,556010,468396,235,84.24236974155141
2022-11-25 05:00:00+00:00,bus,Unknown,6-12 min,departure,538087,453082,563,84.20236876192884
2020-12-25 05:00:00+00:00,bus,Unknown,12-30 min,departure,1551035,1305561,384,84.17353573581512
2022-09-23 04:00:00+00:00,bus,Unknown,6-12 min,departure,601358,505796,428,84.10896670535688
2020-11-13 05:00:00+00:00,bus,Unknown,6-12 min,departure,586202,492990,359,84.09899659161859
2023-01-13 05:00:00+00:00,bus,Unknown,0-3 min,departure,343266,288674,589,84.09629849737522
2021-11-26 05:00:00+00:00,bus,Unknown,12-30 min,departure,1421701,1195036,264,84.05677424437347
2022-07-01 04:00:00+00:00,bus,Unknown,6-12 min,departure,587446,493586,329,84.02236120426389
2023-02-10 05:00:00+00:00,bus,Unknown,0-3 min,departure,341313,286703,455,84.00002343889626
2022-09-02 04:00:00+00:00,bus,Unknown,12-30 min,departure,1851805,1555428,417,83.99523707949811
2020-09-17 04:00:00+00:00,bus,Unknown,6-12 min,departure,581410,488318,77,83.98857948779691
2021-09-24 04:00:00+00:00,bus,Unknown,12-30 min,departure,1569483,1318012,28,83.97746264215668
2022-12-23 05:00:00+00:00,bus,Unknown,6-12 min,departure,578231,485357,579,83.93825305111625
2020-10-01 04:00:00+00:00,bus,Unknown,6-12 min,departure,587096,492754,85,83.93073705152139
2023-02-24 05:00:00+00:00,bus,Unknown,0-3 min,departure,334794,280936,463,83.91309282723107
2021-07-16 04:00:00+00:00,bus,Unknown,6-12 min,departure,570805,478251,188,83.78535576948344
2023-02-10 05:00:00+00:00,bus,Unknown,3-6 min,departure,308801,258674,456,83.76721577974165
2021-05-28 04:00:00+00:00,bus,Unknown,6-12 min,departure,544798,456355,159,83.76590956648153
2023-01-13 05:00:00+00:00,bus,Unknown,6-12 min,departure,606578,508031,591,83.75361453926783
2022-12-02 05:00:00+00:00,bus,Unknown,0-3 min,departure,339741,284482,565,83.73496280990518
2023-03-03 05:00:00+00:00,bus,Unknown,0-3 min,departure,344785,288548,467,83.68925562306944
2022-02-04 05:00:00+00:00,bus,Unknown,12-30 min,departure,1507278,1261419,300,83.68854318844964
2021-04-30 04:00:00+00:00,bus,Unknown,6-12 min,departure,540762,452548,243,83.68709339783491
2021-10-29 04:00:00+00:00,bus,Unknown,6-12 min,departure,541102,452613,47,83.64652135826518
2021-07-30 04:00:00+00:00,bus,Unknown,6-12 min,departure,567306,474265,196,83.59950361885825
2021-04-02 04:00:00+00:00,bus,Unknown,6-12 min,departure,547471,457644,227,83.59237292934237
2022-12-30 05:00:00+00:00,bus,Unknown,12-30 min,departure,1629694,1362290,584,83.59176630704906
2021-05-14 04:00:00+00:00,bus,Unknown,6-12 min,departure,543827,454216,151,83.52214950710429
2021-07-23 04:00:00+00:00,bus,Unknown,6-12 min,departure,563083,470186,192,83.50207695845906
2020-08-13 04:00:00+00:00,bus,Unknown,6-12 min,departure,455828,380440,57,83.46130558017498
2023-02-24 05:00:00+00:00,bus,Unknown,3-6 min,departure,300858,251074,464,83.45265872936734
2023-01-20 05:00:00+00:00,bus,Unknown,0-3 min,departure,393686,328534,593,83.45077041093664
2021-06-04 04:00:00+00:00,bus,Unknown,6-12 min,departure,489277,408205,164,83.43024503502107
2021-07-09 04:00:00+00:00,bus,Unknown,6-12 min,departure,516859,431176,184,83.42236470681559
2021-06-18 04:00:00+00:00,bus,Unknown,6-12 min,departure,540368,450652,172,83.39724039913541
2023-02-03 05:00:00+00:00,bus,Unknown,3-6 min,departure,320842,267464,452,83.3631507096951
2021-06-11 04:00:00+00:00,bus,Unknown,6-12 min,departure,537059,447605,168,83.34372945989175
2021-04-23 04:00:00+00:00,bus,Unknown,6-12 min,departure,508097,423433,239,83.33703997465051
2020-10-09 04:00:00+00:00,bus,Unknown,6-12 min,departure,582958,485260,89,83.2409882015514
2021-11-12 05:00:00+00:00,bus,Unknown,6-12 min,departure,542307,451378,255,83.23292894983838
2023-03-03 05:00:00+00:00,bus,Unknown,3-6 min,departure,312822,260356,468,83.22816170218206
2021-02-26 05:00:00+00:00,bus,Unknown,6-12 min,departure,580915,483170,219,83.17395832436759
2020-12-18 05:00:00+00:00,bus,Unknown,6-12 min,departure,534946,444924,379,83.17175939253681
2023-02-17 05:00:00+00:00,bus,Unknown,3-6 min,departure,321007,266966,460,83.16516462257833
2023-07-14 04:00:00+00:00,bus,Unknown,6-12 min,departure,573577,476996,695,83.16163305013974
2021-01-08 05:00:00+00:00,bus,Unknown,0-3 min,departure,248065,206220,389,83.13143732489469
2022-02-18 05:00:00+00:00,bus,Unknown,3-6 min,departure,259721,215828,106,83.09994186068897
2022-07-08 04:00:00+00:00,bus,Unknown,0-3 min,departure,316164,262529,331,83.03570298958768
2022-09-09 04:00:00+00:00,bus,Unknown,12-30 min,departure,1717596,1426045,421,83.02563583054456
2023-03-10 05:00:00+00:00,bus,Unknown,0-3 min,departure,349019,289725,471,83.01124007575518
2023-08-11 04:00:00+00:00,bus,Unknown,0-3 min,departure,340868,282936,759,83.00456481687925
2021-11-19 05:00:00+00:00,bus,Unknown,6-12 min,departure,555282,460830,259,82.99026440619362
2021-05-21 04:00:00+00:00,bus,Unknown,6-12 min,departure,548930,455541,155,82.98708396334688
2023-08-11 04:00:00+00:00,bus,Unknown,3-6 min,departure,308065,255633,760,82.98021521432165
2022-08-19 04:00:00+00:00,bus,Unknown,3-6 min,departure,314256,260743,407,82.97152639885952
2023-06-23 04:00:00+00:00,bus,Unknown,0-3 min,departure,343823,285250,681,82.96419960270255
2022-12-30 05:00:00+00:00,bus,Unknown,6-12 min,departure,513168,425743,583,82.96366881800891
2023-08-18 04:00:00+00:00,bus,Unknown,3-6 min,departure,302586,250996,764,82.95030173240005
2023-08-25 04:00:00+00:00,bus,Unknown,0-3 min,departure,335464,278136,767,82.91083394939547
2021-10-01 04:00:00+00:00,bus,Unknown,6-12 min,departure,549707,455724,31,82.90307381932557
2020-08-20 04:00:00+00:00,bus,Unknown,6-12 min,departure,446480,370102,61,82.89329869199068
2023-04-21 04:00:00+00:00,bus,Unknown,0-3 min,departure,341545,283083,496,82.8830754366189
2023-02-17 05:00:00+00:00,bus,Unknown,0-3 min,departure,353746,293147,459,82.86934693254481
2021-01-22 05:00:00+00:00,bus,Unknown,3-6 min,departure,269278,223096,398,82.84969436790232
2021-06-25 04:00:00+00:00,bus,Unknown,6-12 min,departure,556244,460839,176,82.84835431932748
2023-08-25 04:00:00+00:00,bus,Unknown,3-6 min,departure,302070,250206,768,82.83046975866522
2023-07-07 04:00:00+00:00,bus,Unknown,0-3 min,departure,314675,260624,689,82.82323031699373
2023-03-17 04:00:00+00:00,bus,Unknown,0-3 min,departure,351050,290662,475,82.7978920381712
2022-02-25 05:00:00+00:00,bus,Unknown,0-3 min,departure,246355,203945,109,82.78500537841732
2022-08-05 04:00:00+00:00,bus,Unknown,3-6 min,departure,314148,260053,348,82.78040923386429
2023-02-03 05:00:00+00:00,bus,Unknown,0-3 min,departure,354224,293217,402,82.77728217173313
2021-10-22 04:00:00+00:00,bus,Unknown,6-12 min,departure,547491,453194,43,82.77652052727808
2022-07-08 04:00:00+00:00,bus,Unknown,3-6 min,departure,288796,239027,332,82.76672807102592
2021-11-05 04:00:00+00:00,bus,Unknown,6-12 min,departure,537463,444798,251,82.7588131648132
2023-08-18 04:00:00+00:00,bus,Unknown,0-3 min,departure,336988,278827,763,82.7409284603606
2021-01-15 05:00:00+00:00,bus,Unknown,0-3 min,departure,276624,228853,393,82.73071027821159
2021-08-27 04:00:00+00:00,bus,Unknown,6-12 min,departure,529307,437762,11,82.70474412769904
2022-12-02 05:00:00+00:00,bus,Unknown,3-6 min,departure,308203,254884,566,82.70003861091554
2023-06-30 04:00:00+00:00,bus,Unknown,0-3 min,departure,337698,279261,685,82.6954853152817
2022-09-02 04:00:00+00:00,bus,Unknown,6-12 min,departure,598756,494940,416,82.66138460407913
2023-03-31 04:00:00+00:00,bus,Unknown,3-6 min,departure,329159,272076,485,82.65792519724509
2023-03-10 05:00:00+00:00,bus,Unknown,3-6 min,departure,314575,260009,472,82.6540570611142
2020-08-06 04:00:00+00:00,bus,Unknown,6-12 min,departure,445848,368421,53,82.63376756203908
2020-11-27 05:00:00+00:00,bus,Unknown,6-12 min,departure,524787,433634,367,82.63047674580353
2022-11-18 05:00:00+00:00,bus,Unknown,0-3 min,departure,334570,276328,557,82.5919837403234
2022-08-19 04:00:00+00:00,bus,Unknown,0-3 min,departure,342020,282467,406,82.58786035904333
2023-03-31 04:00:00+00:00,bus,Unknown,0-3 min,departure,364080,300576,484,82.55767963085037
2022-12-09 05:00:00+00:00,bus,Unknown,3-6 min,departure,316207,261007,570,82.54308095646206
2022-08-12 04:00:00+00:00,bus,Unknown,3-6 min,departure,315955,260743,403,82.52535962399709
2021-01-08 05:00:00+00:00,bus,Unknown,3-6 min,departure,242272,199928,390,82.52212389380531
2022-08-12 04:00:00+00:00,bus,Unknown,0-3 min,departure,341365,281689,401,82.51841870139
2021-07-02 04:00:00+00:00,bus,Unknown,6-12 min,departure,567029,467789,180,82.49824964860704
2020-08-27 04:00:00+00:00,bus,Unknown,6-12 min,departure,443027,365405,65,82.47917169833893
2022-04-01 04:00:00+00:00,bus,Unknown,3-6 min,departure,264009,217731,130,82.47105212322307
2021-04-09 04:00:00+00:00,bus,Unknown,6-12 min,departure,554941,457550,231,82.45020641833996
2022-03-11 05:00:00+00:00,bus,Unknown,3-6 min,departure,258311,212934,118,82.4331909984476
2021-02-12 05:00:00+00:00,bus,Unknown,6-12 min,departure,579335,477534,211,82.4279561911502
2022-07-22 04:00:00+00:00,bus,Unknown,3-6 min,departure,313426,258343,340,82.42551670888822
2021-01-22 05:00:00+00:00,bus,Unknown,0-3 min,departure,275222,226835,397,82.41891999912798
2022-02-25 05:00:00+00:00,bus,Unknown,3-6 min,departure,237983,196121,110,82.40966791745629
2022-01-28 05:00:00+00:00,bus,Unknown,3-6 min,departure,267806,220663,294,82.39658558807494
2023-06-30 04:00:00+00:00,bus,Unknown,3-6 min,departure,304281,250671,686,82.38141717688585
2023-01-13 05:00:00+00:00,bus,Unknown,3-6 min,departure,314321,258868,590,82.35784436929127
2022-12-16 05:00:00+00:00,bus,Unknown,0-3 min,departure,344934,284047,573,82.34821734012884
2022-11-11 05:00:00+00:00,bus,Unknown,3-6 min,departure,309450,254708,554,82.30990466957505
2023-04-28 04:00:00+00:00,bus,Unknown,0-3 min,departure,354610,291834,500,82.2971715405657
2021-09-03 04:00:00+00:00,bus,Unknown,12-30 min,departure,1493556,1229100,16,82.29353301784465
2022-01-07 05:00:00+00:00,bus,Unknown,0-3 min,departure,235093,193448,281,82.2857337309065
2023-01-06 05:00:00+00:00,bus,Unknown,3-6 min,departure,287551,236565,586,82.2688844761451
2022-12-09 05:00:00+00:00,bus,Unknown,0-3 min,departure,351762,289377,569,82.26499735616696
2022-08-26 04:00:00+00:00,bus,Unknown,3-6 min,departure,313273,257664,411,82.2490288023545
2022-04-08 04:00:00+00:00,bus,Unknown,3-6 min,departure,265246,218140,134,82.24063699358332
2022-07-29 04:00:00+00:00,bus,Unknown,3-6 min,departure,317195,260855,344,82.23805545484639
2021-01-15 05:00:00+00:00,bus,Unknown,3-6 min,departure,269303,221458,394,82.23376642666439
2022-04-22 04:00:00+00:00,bus,Unknown,0-3 min,departure,262560,215845,141,82.20787629494211
2022-11-25 05:00:00+00:00,bus,Unknown,0-3 min,departure,315167,259057,561,82.19674014094115
2022-07-22 04:00:00+00:00,bus,Unknown,0-3 min,departure,340824,280128,339,82.19139497218507
2023-06-23 04:00:00+00:00,bus,Unknown,3-6 min,departure,310159,254887,682,82.17946279166493
2022-08-05 04:00:00+00:00,bus,Unknown,0-3 min,departure,342495,281453,347,82.1772580621615
2023-03-17 04:00:00+00:00,bus,Unknown,3-6 min,departure,317591,260973,476,82.17266862096218
2021-09-16 04:00:00+00:00,bus,Unknown,12-30 min,departure,1577339,1296086,24,82.16914689866921
2023-04-07 04:00:00+00:00,bus,Unknown,3-6 min,departure,328235,269688,489,82.16308437552364
2023-04-21 04:00:00+00:00,bus,Unknown,3-6 min,departure,308017,252979,497,82.13150572857991
2022-01-07 05:00:00+00:00,bus,Unknown,3-6 min,departure,226887,186331,282,82.12502258833693
2023-04-28 04:00:00+00:00,bus,Unknown,3-6 min,departure,322642,264958,501,82.12136051722962
2022-02-18 05:00:00+00:00,bus,Unknown,0-3 min,departure,268293,220313,105,82.1165665895122
2023-04-14 04:00:00+00:00,bus,Unknown,3-6 min,departure,326374,267986,493,82.11009455410051
2022-08-26 04:00:00+00:00,bus,Unknown,0-3 min,departure,340999,279946,410,82.09584192329011
2021-10-15 04:00:00+00:00,bus,Unknown,6-12 min,departure,545947,447931,39,82.04660891991347
2023-04-14 04:00:00+00:00,bus,Unknown,0-3 min,departure,361176,296297,492,82.0367355527499
2021-12-17 05:00:00+00:00,bus,Unknown,3-6 min,departure,257439,211186,274,82.03341374073081
2023-06-02 04:00:00+00:00,bus,Unknown,0-3 min,departure,326030,267440,669,82.02926111094071
2022-07-15 04:00:00+00:00,bus,Unknown,3-6 min,departure,317945,260780,336,82.02047523942821
2022-07-01 04:00:00+00:00,bus,Unknown,0-3 min,departure,336272,275775,327,82.0095042108769
2022-09-16 04:00:00+00:00,bus,Unknown,6-12 min,departure,604527,495752,424,82.00659358473649
2022-07-29 04:00:00+00:00,bus,Unknown,0-3 min,departure,345598,283383,343,81.99787035804606
2021-10-08 04:00:00+00:00,bus,Unknown,6-12 min,departure,551350,452081,35,81.9952843021674
2022-12-16 05:00:00+00:00,bus,Unknown,3-6 min,departure,312974,256551,574,81.97198489331382
2023-03-24 04:00:00+00:00,bus,Unknown,0-3 min,departure,361802,296472,479,81.94316228213222
2022-03-04 05:00:00+00:00,bus,Unknown,3-6 min,departure,252326,206714,114,81.92338482756433
2022-03-11 05:00:00+00:00,bus,Unknown,0-3 min,departure,267354,218988,117,81.90937857671851
2022-07-15 04:00:00+00:00,bus,Unknown,0-3 min,departure,345125,282679,335,81.90626584570808
2022-04-22 04:00:00+00:00,bus,Unknown,3-6 min,departure,254393,208342,142,81.89769372584938
2023-01-20 05:00:00+00:00,bus,Unknown,3-6 min,departure,360895,295544,594,81.89196303634021
2023-01-27 05:00:00+00:00,bus,Unknown,3-6 min,departure,323233,264672,598,81.88272855803707
2022-04-15 04:00:00+00:00,bus,Unknown,3-6 min,departure,267385,218901,138,81.86734483983768
2023-04-07 04:00:00+00:00,bus,Unknown,0-3 min,departure,363553,297616,488,81.8631671310648
2023-05-05 04:00:00+00:00,bus,Unknown,3-6 min,departure,327987,268248,626,81.78616835423355
2022-01-14 05:00:00+00:00,bus,Unknown,0-3 min,departure,256838,210033,285,81.7764505252338
2022-04-01 04:00:00+00:00,bus,Unknown,0-3 min,departure,272054,222464,129,81.77200114683114
2022-10-14 04:00:00+00:00,bus,Unknown,0-3 min,departure,340987,278806,438,81.76440744075288
2022-02-11 05:00:00+00:00,bus,Unknown,3-6 min,departure,267458,218674,102,81.76012682365081
2023-05-05 04:00:00+00:00,bus,Unknown,0-3 min,departure,362255,296095,624,81.73662199279514
2023-06-09 04:00:00+00:00,bus,Unknown,0-3 min,departure,344064,281172,673,81.72084263392857
2021-12-10 05:00:00+00:00,bus,Unknown,3-6 min,departure,266381,217605,270,81.68938475341709
2022-10-07 04:00:00+00:00,bus,Unknown,3-6 min,departure,314492,256905,435,81.68888238810527
2022-10-07 04:00:00+00:00,bus,Unknown,0-3 min,departure,343131,280271,434,81.68046606106707
2023-07-07 04:00:00+00:00,bus,Unknown,3-6 min,departure,280853,229399,690,81.67938387697478
2022-06-03 04:00:00+00:00,bus,Unknown,3-6 min,departure,290071,236845,316,81.65069931154785
2022-10-28 04:00:00+00:00,bus,Unknown,3-6 min,departure,315684,257724,447,81.63986771581708
2022-03-04 05:00:00+00:00,bus,Unknown,0-3 min,departure,260471,212638,113,81.63595947341547
2022-06-03 04:00:00+00:00,bus,Unknown,0-3 min,departure,317697,259319,315,81.62462975728447
2021-01-01 05:00:00+00:00,bus,Unknown,0-3 min,departure,259114,211498,385,81.62353249920884
2023-05-26 04:00:00+00:00,bus,Unknown,0-3 min,departure,349374,285165,665,81.6217005272287
2022-10-21 04:00:00+00:00,bus,Unknown,0-3 min,departure,343295,280171,442,81.61231593818728
2022-12-23 05:00:00+00:00,bus,Unknown,0-3 min,departure,343848,280567,577,81.59622856611061
2023-08-04 04:00:00+00:00,bus,Unknown,3-6 min,departure,307935,251250,756,81.59189439329728
2022-11-18 05:00:00+00:00,bus,Unknown,3-6 min,departure,311780,254351,558,81.58028096734877
2023-06-16 04:00:00+00:00,bus,Unknown,0-3 min,departure,345069,281476,677,81.57093219037353
2023-01-06 05:00:00+00:00,bus,Unknown,0-3 min,departure,326785,266533,585,81.56218920697094
2022-05-13 04:00:00+00:00,bus,Unknown,3-6 min,departure,260342,212334,304,81.5596407802045
2022-10-21 04:00:00+00:00,bus,Unknown,3-6 min,departure,318067,259396,443,81.55388644530869
2022-04-29 04:00:00+00:00,bus,Unknown,3-6 min,departure,262474,214017,146,81.53836189489245
2022-12-30 05:00:00+00:00,bus,Unknown,3-6 min,departure,272952,222502,582,81.51689674374981
2022-05-27 04:00:00+00:00,bus,Unknown,3-6 min,departure,319626,260536,312,81.5127680476557
2022-11-11 05:00:00+00:00,bus,Unknown,0-3 min,departure,338551,275930,553,81.50322994172222
2022-03-18 04:00:00+00:00,bus,Unknown,3-6 min,departure,257428,209803,122,81.49968146433177
2022-01-14 05:00:00+00:00,bus,Unknown,3-6 min,departure,247351,201588,286,81.49876087018043
2023-03-24 04:00:00+00:00,bus,Unknown,3-6 min,departure,327500,266884,480,81.49129770992366
2023-05-19 04:00:00+00:00,bus,Unknown,0-3 min,departure,358159,291657,661,81.43226890850153
2021-11-26 05:00:00+00:00,bus,Unknown,6-12 min,departure,495311,403258,263,81.41511091011506
2022-01-21 05:00:00+00:00,bus,Unknown,3-6 min,departure,249113,202766,290,81.39519013459756
2022-09-30 04:00:00+00:00,bus,Unknown,3-6 min,departure,314655,256109,431,81.39358980470675
2020-12-11 05:00:00+00:00,bus,Unknown,3-6 min,departure,273509,222594,374,81.3845248236804
2023-07-21 04:00:00+00:00,bus,Unknown,0-3 min,departure,344062,279995,697,81.37922816236609
2023-06-16 04:00:00+00:00,bus,Unknown,3-6 min,departure,310031,252274,678,81.37057262015735
2022-05-20 04:00:00+00:00,bus,Unknown,3-6 min,departure,268103,218147,308,81.36686273559043
2023-07-28 04:00:00+00:00,bus,Unknown,0-3 min,departure,341143,277562,751,81.36236123854219
2022-03-18 04:00:00+00:00,bus,Unknown,0-3 min,departure,265740,216207,121,81.36035222397832
2021-12-03 05:00:00+00:00,bus,Unknown,0-3 min,departure,274510,223284,265,81.33911332920476
2023-08-04 04:00:00+00:00,bus,Unknown,0-3 min,departure,342561,278591,755,81.3259536257776
2022-06-10 04:00:00+00:00,bus,Unknown,3-6 min,departure,316778,257613,320,81.32288227086477
2022-10-28 04:00:00+00:00,bus,Unknown,0-3 min,departure,343457,279289,446,81.3170207624244
2023-06-02 04:00:00+00:00,bus,Unknown,3-6 min,departure,292961,238214,670,81.31252965411778
2022-11-04 04:00:00+00:00,bus,Unknown,0-3 min,departure,338134,274901,450,81.29942567147936
2022-09-30 04:00:00+00:00,bus,Unknown,0-3 min,departure,343979,279609,430,81.28664831283305
2023-07-28 04:00:00+00:00,bus,Unknown,3-6 min,departure,309135,251266,752,81.28034677406312
2023-05-12 04:00:00+00:00,bus,Unknown,3-6 min,departure,326218,265102,658,81.26528885591844
2023-05-19 04:00:00+00:00,bus,Unknown,3-6 min,departure,322492,262059,662,81.260620418491
2022-10-14 04:00:00+00:00,bus,Unknown,3-6 min,departure,312858,254187,439,81.2467637074967
2020-10-30 04:00:00+00:00,bus,Unknown,3-6 min,departure,295781,240279,100,81.23544108647953
2022-04-15 04:00:00+00:00,bus,Unknown,0-3 min,departure,276405,224538,137,81.23514408205351
2021-03-05 05:00:00+00:00,bus,Unknown,3-6 min,departure,288328,234189,222,81.22312089009739
2022-03-25 04:00:00+00:00,bus,Unknown,3-6 min,departure,259347,210611,126,81.20818825743117
2022-01-28 05:00:00+00:00,bus,Unknown,0-3 min,departure,278592,226237,293,81.20728520560533
2023-05-26 04:00:00+00:00,bus,Unknown,3-6 min,departure,316215,256753,666,81.19570545356798
2022-05-27 04:00:00+00:00,bus,Unknown,0-3 min,departure,347374,281997,311,81.17965075106369
2022-04-08 04:00:00+00:00,bus,Unknown,0-3 min,departure,273897,222330,133,81.17284964786032
2022-01-21 05:00:00+00:00,bus,Unknown,0-3 min,departure,258788,210038,289,81.16218680928017
2022-07-01 04:00:00+00:00,bus,Unknown,3-6 min,departure,306697,248907,328,81.15729857155434
2021-12-17 05:00:00+00:00,bus,Unknown,0-3 min,departure,266747,216413,273,81.13043445661995
2021-01-01 05:00:00+00:00,bus,Unknown,3-6 min,departure,253556,205709,386,81.12961239331746
2022-06-10 04:00:00+00:00,bus,Unknown,0-3 min,departure,344064,279108,319,81.12095424107143
2022-04-29 04:00:00+00:00,bus,Unknown,0-3 min,departure,271494,220230,145,81.1178147583372
2021-01-29 05:00:00+00:00,bus,Unknown,3-6 min,departure,293497,238035,202,81.10304364269481
2023-07-21 04:00:00+00:00,bus,Unknown,3-6 min,departure,308393,250096,698,81.09652294312775
2021-12-03 05:00:00+00:00,bus,Unknown,3-6 min,departure,268127,217431,266,81.09254196705292
2023-06-09 04:00:00+00:00,bus,Unknown,3-6 min,departure,310283,251532,674,81.06535001917604
2020-12-11 05:00:00+00:00,bus,Unknown,0-3 min,departure,281560,228179,373,81.04098593550219
2022-11-25 05:00:00+00:00,bus,Unknown,3-6 min,departure,286050,231757,562,81.01975179164482
2023-05-12 04:00:00+00:00,bus,Unknown,0-3 min,departure,360137,291702,632,80.99750928119022
2022-03-25 04:00:00+00:00,bus,Unknown,0-3 min,departure,269640,218347,125,80.97722889778964
2022-02-04 05:00:00+00:00,bus,Unknown,6-12 min,departure,518192,419511,299,80.95667243029611
2021-12-10 05:00:00+00:00,bus,Unknown,0-3 min,departure,275537,223047,269,80.94992687007553
2022-05-13 04:00:00+00:00,bus,Unknown,0-3 min,departure,269044,217788,303,80.94884108175614
2021-12-24 05:00:00+00:00,bus,Unknown,0-3 min,departure,265651,214644,277,80.79924412104603
2023-07-14 04:00:00+00:00,bus,Unknown,0-3 min,departure,342823,276993,693,80.79767110141385
2021-01-29 05:00:00+00:00,bus,Unknown,0-3 min,departure,302096,244059,162,80.78855727980509
2022-12-23 05:00:00+00:00,bus,Unknown,3-6 min,departure,309768,250170,578,80.76044007127915
2020-10-30 04:00:00+00:00,bus,Unknown,0-3 min,departure,303381,244887,99,80.7192935615612
2022-02-11 05:00:00+00:00,bus,Unknown,0-3 min,departure,279334,225406,101,80.69407948907043
2022-09-23 04:00:00+00:00,bus,Unknown,0-3 min,departure,345700,278934,426,80.68672259184264
2022-09-09 04:00:00+00:00,bus,Unknown,6-12 min,departure,561481,452882,420,80.65847286016802
2022-05-20 04:00:00+00:00,bus,Unknown,0-3 min,departure,280063,225890,307,80.65685220825314
2020-10-16 04:00:00+00:00,bus,Unknown,3-6 min,departure,293435,236632,92,80.64205019851074
2021-09-24 04:00:00+00:00,bus,Unknown,6-12 min,departure,554094,446781,27,80.63270852959967
2021-09-10 04:00:00+00:00,bus,Unknown,12-30 min,departure,1437910,1159318,20,80.62521298273188
2021-12-24 05:00:00+00:00,bus,Unknown,3-6 min,departure,256656,206919,278,80.62114269683936
2021-08-20 04:00:00+00:00,bus,Unknown,3-6 min,departure,279036,224935,6,80.61146232027409
2020-12-04 05:00:00+00:00,bus,Unknown,3-6 min,departure,285376,229825,370,80.53410237721462
2020-12-04 05:00:00+00:00,bus,Unknown,0-3 min,departure,291708,234897,369,80.52470278497675
2022-09-23 04:00:00+00:00,bus,Unknown,3-6 min,departure,316183,254575,427,80.51508145599226
2022-06-17 04:00:00+00:00,bus,Unknown,3-6 min,departure,316641,254787,324,80.46557457815003
2021-05-07 04:00:00+00:00,bus,Unknown,6-12 min,departure,542018,436097,247,80.45802906914531
2022-06-17 04:00:00+00:00,bus,Unknown,0-3 min,departure,344656,276935,323,80.35113272364327
2020-10-16 04:00:00+00:00,bus,Unknown,0-3 min,departure,301325,242095,91,80.34348295030283
2020-11-20 05:00:00+00:00,bus,Unknown,3-6 min,departure,296741,238228,362,80.28145756737356
2021-03-05 05:00:00+00:00,bus,Unknown,0-3 min,departure,295333,237065,221,80.2704066257411
2023-01-27 05:00:00+00:00,bus,Unknown,0-3 min,departure,365914,293534,597,80.21939581431702
2020-10-23 04:00:00+00:00,bus,Unknown,3-6 min,departure,295588,237035,96,80.19100910727093
2022-05-06 04:00:00+00:00,bus,Unknown,3-6 min,departure,264591,212119,150,80.16863763317724
2021-08-13 04:00:00+00:00,bus,Unknown,3-6 min,departure,285817,229090,2,80.15268510970306
2021-02-05 05:00:00+00:00,bus,Unknown,3-6 min,departure,291444,233506,206,80.1203661766926
2023-07-14 04:00:00+00:00,bus,Unknown,3-6 min,departure,307244,246096,694,80.09790264415253
2021-08-20 04:00:00+00:00,bus,Unknown,0-3 min,departure,285591,228653,5,80.06309722645322
2021-02-19 05:00:00+00:00,bus,Unknown,3-6 min,departure,275375,220407,214,80.03885610531094
2021-02-19 05:00:00+00:00,bus,Unknown,0-3 min,departure,282617,226122,213,80.01004893548512
2021-08-06 04:00:00+00:00,bus,Unknown,3-6 min,departure,291460,233192,199,80.00823440609346
2020-09-10 04:00:00+00:00,bus,Unknown,6-12 min,departure,520562,416404,73,79.99124023651362
2021-02-05 05:00:00+00:00,bus,Unknown,0-3 min,departure,299164,239254,205,79.97419475605354
2020-10-23 04:00:00+00:00,bus,Unknown,0-3 min,departure,301655,241080,95,79.91911289386883
2020-09-24 04:00:00+00:00,bus,Unknown,3-6 min,departure,298801,238795,80,79.91773789244347
2021-07-09 04:00:00+00:00,bus,Unknown,0-3 min,departure,272341,217615,182,79.90533926217499
2020-11-06 05:00:00+00:00,bus,Unknown,3-6 min,departure,290453,232005,354,79.87695083197626
2022-05-06 04:00:00+00:00,bus,Unknown,0-3 min,departure,274906,219557,149,79.86620881319433
2020-11-20 05:00:00+00:00,bus,Unknown,0-3 min,departure,304698,243320,361,79.85611983012689
2021-10-29 04:00:00+00:00,bus,Unknown,3-6 min,departure,275939,220201,46,79.80060810541461
2020-11-06 05:00:00+00:00,bus,Unknown,0-3 min,departure,297358,237282,353,79.7967433195004
2021-10-29 04:00:00+00:00,bus,Unknown,0-3 min,departure,282351,225303,45,79.79536109310752
2021-06-04 04:00:00+00:00,bus,Unknown,0-3 min,departure,257429,205235,161,79.72489501959764
2021-08-13 04:00:00+00:00,bus,Unknown,0-3 min,departure,293039,233562,1,79.70338419118275
2021-04-16 04:00:00+00:00,bus,Unknown,3-6 min,departure,285139,227198,234,79.67973514671792
2020-11-13 05:00:00+00:00,bus,Unknown,3-6 min,departure,301830,240314,358,79.6189908226485
2021-08-06 04:00:00+00:00,bus,Unknown,0-3 min,departure,298476,237415,198,79.54240876988435
2021-07-16 04:00:00+00:00,bus,Unknown,0-3 min,departure,301094,239485,186,79.53828372534824
2020-09-24 04:00:00+00:00,bus,Unknown,0-3 min,departure,305534,242980,79,79.52633749435415
2021-07-16 04:00:00+00:00,bus,Unknown,3-6 min,departure,292771,232639,187,79.46108050319192
2022-09-02 04:00:00+00:00,bus,Unknown,0-3 min,departure,343828,273159,414,79.4464092511372
2021-07-09 04:00:00+00:00,bus,Unknown,3-6 min,departure,264038,209729,183,79.43136972708473
2021-06-04 04:00:00+00:00,bus,Unknown,3-6 min,departure,250325,198737,163,79.39159093178867
2020-11-13 05:00:00+00:00,bus,Unknown,0-3 min,departure,308526,244933,357,79.38812288105377
2021-11-12 05:00:00+00:00,bus,Unknown,0-3 min,departure,284891,225999,253,79.32823430715607
2021-05-28 04:00:00+00:00,bus,Unknown,3-6 min,departure,279199,221401,158,79.2986364564343
2021-05-28 04:00:00+00:00,bus,Unknown,0-3 min,departure,287636,228089,157,79.29779304398615
2021-11-12 05:00:00+00:00,bus,Unknown,3-6 min,departure,277075,219695,254,79.29080573851846
2021-07-30 04:00:00+00:00,bus,Unknown,3-6 min,departure,290015,229930,195,79.28210609796045
2020-09-03 04:00:00+00:00,bus,Unknown,6-12 min,departure,541059,428939,69,79.2776758172399
2020-09-17 04:00:00+00:00,bus,Unknown,3-6 min,departure,298580,236401,76,79.1750954518052
2021-11-19 05:00:00+00:00,bus,Unknown,0-3 min,departure,289784,229401,257,79.16275570769953
2020-08-13 04:00:00+00:00,bus,Unknown,3-6 min,departure,233322,184662,56,79.14470131406382
2021-04-16 04:00:00+00:00,bus,Unknown,0-3 min,departure,293980,232605,233,79.12272943737669
2021-11-19 05:00:00+00:00,bus,Unknown,3-6 min,departure,283040,223887,258,79.10083380440928
2021-10-01 04:00:00+00:00,bus,Unknown,3-6 min,departure,281676,222802,30,79.09868075377385
2022-09-02 04:00:00+00:00,bus,Unknown,3-6 min,departure,315665,249681,415,79.09682733277367
2020-10-01 04:00:00+00:00,bus,Unknown,3-6 min,departure,301925,238786,84,79.08785294361182
2021-07-23 04:00:00+00:00,bus,Unknown,3-6 min,departure,289468,228869,191,79.06538892036426
2021-06-25 04:00:00+00:00,bus,Unknown,0-3 min,departure,292164,230960,174,79.05149162798976
2021-07-02 04:00:00+00:00,bus,Unknown,0-3 min,departure,298359,235847,178,79.0480595524184
2021-08-27 04:00:00+00:00,bus,Unknown,0-3 min,departure,277930,219694,9,79.0465225056669
2021-07-30 04:00:00+00:00,bus,Unknown,0-3 min,departure,299019,236344,194,79.0397934579408
2021-10-01 04:00:00+00:00,bus,Unknown,0-3 min,departure,287986,227569,29,79.02085518046016
2022-09-16 04:00:00+00:00,bus,Unknown,0-3 min,departure,347099,274240,422,79.00915877026439
2021-11-26 05:00:00+00:00,bus,Unknown,0-3 min,departure,258868,204521,261,79.00590262218581
2020-09-17 04:00:00+00:00,bus,Unknown,0-3 min,departure,306336,242020,75,79.00475295100804
2020-10-01 04:00:00+00:00,bus,Unknown,0-3 min,departure,310624,245321,83,78.97683372823735
2021-04-30 04:00:00+00:00,bus,Unknown,3-6 min,departure,277476,219138,242,78.97547896034251
2021-04-23 04:00:00+00:00,bus,Unknown,0-3 min,departure,270382,213520,237,78.96975390373619
2020-08-20 04:00:00+00:00,bus,Unknown,0-3 min,departure,234504,185137,59,78.94833350390613
2021-05-14 04:00:00+00:00,bus,Unknown,3-6 min,departure,280293,221246,250,78.9338299565098
2020-11-27 05:00:00+00:00,bus,Unknown,0-3 min,departure,276011,217826,365,78.919318432961
2020-08-13 04:00:00+00:00,bus,Unknown,0-3 min,departure,240187,189546,55,78.91601127454858
2021-07-23 04:00:00+00:00,bus,Unknown,0-3 min,departure,296368,233795,190,78.88672191329698
2021-06-18 04:00:00+00:00,bus,Unknown,3-6 min,departure,278653,219817,171,78.88556735437982
2021-06-11 04:00:00+00:00,bus,Unknown,3-6 min,departure,276023,217679,167,78.862631012633
2021-10-15 04:00:00+00:00,bus,Unknown,0-3 min,departure,285582,225183,37,78.85055780826524
2021-04-23 04:00:00+00:00,bus,Unknown,3-6 min,departure,260628,205473,238,78.83765366729591
2021-10-22 04:00:00+00:00,bus,Unknown,0-3 min,departure,287590,226660,41,78.8135887895963
2021-10-22 04:00:00+00:00,bus,Unknown,3-6 min,departure,280941,221368,42,78.79519187302672
2021-04-30 04:00:00+00:00,bus,Unknown,0-3 min,departure,286479,225688,241,78.77994547593367
2021-06-25 04:00:00+00:00,bus,Unknown,3-6 min,departure,284361,223910,175,78.7414589201754
2021-11-05 04:00:00+00:00,bus,Unknown,0-3 min,departure,282810,222643,49,78.7252925992716
2021-02-26 05:00:00+00:00,bus,Unknown,0-3 min,departure,309134,243337,217,78.71570257558211
2020-12-18 05:00:00+00:00,bus,Unknown,0-3 min,departure,284289,223753,377,78.70617575776762
2021-05-14 04:00:00+00:00,bus,Unknown,0-3 min,departure,287464,226251,249,78.70585534188629
2021-04-02 04:00:00+00:00,bus,Unknown,3-6 min,departure,281583,221491,226,78.65922303548155
2021-04-02 04:00:00+00:00,bus,Unknown,0-3 min,departure,291417,229187,225,78.64572073695084
2021-11-05 04:00:00+00:00,bus,Unknown,3-6 min,departure,274810,216112,50,78.64051526509225
2022-09-09 04:00:00+00:00,bus,Unknown,0-3 min,departure,326600,256777,418,78.62124923453766
2021-06-11 04:00:00+00:00,bus,Unknown,0-3 min,departure,285059,224110,166,78.61881224588593
2020-10-09 04:00:00+00:00,bus,Unknown,0-3 min,departure,307853,241949,87,78.59238012947738
2021-10-08 04:00:00+00:00,bus,Unknown,0-3 min,departure,290071,227951,33,78.58455343691718
2020-12-18 05:00:00+00:00,bus,Unknown,3-6 min,departure,274777,215913,378,78.57753742125433
2020-08-20 04:00:00+00:00,bus,Unknown,3-6 min,departure,227992,179140,60,78.5729323835924
2021-05-21 04:00:00+00:00,bus,Unknown,3-6 min,departure,281959,221500,154,78.55752077429698
2020-11-27 05:00:00+00:00,bus,Unknown,3-6 min,departure,270252,212255,366,78.53965928096738
2021-08-27 04:00:00+00:00,bus,Unknown,3-6 min,departure,271270,213009,10,78.52287388948281
2021-09-16 04:00:00+00:00,bus,Unknown,6-12 min,departure,562393,441387,23,78.48372934940512
2020-08-27 04:00:00+00:00,bus,Unknown,0-3 min,departure,233453,183216,63,78.48089337040004
2020-08-06 04:00:00+00:00,bus,Unknown,0-3 min,departure,233967,183615,51,78.47901627152547
2021-02-26 05:00:00+00:00,bus,Unknown,3-6 min,departure,299859,235287,218,78.46587896311267
2021-07-02 04:00:00+00:00,bus,Unknown,3-6 min,departure,291177,228474,179,78.46567551695361
2022-09-16 04:00:00+00:00,bus,Unknown,3-6 min,departure,318088,249583,423,78.46350695405046
2021-06-18 04:00:00+00:00,bus,Unknown,0-3 min,departure,285939,224329,170,78.45344636443437
2020-08-06 04:00:00+00:00,bus,Unknown,3-6 min,departure,227406,178297,52,78.40470348187823
2020-10-09 04:00:00+00:00,bus,Unknown,3-6 min,departure,300016,235176,88,78.38781931630314
2021-05-21 04:00:00+00:00,bus,Unknown,0-3 min,departure,290504,227660,153,78.36725139757111
2020-12-25 05:00:00+00:00,bus,Unknown,6-12 min,departure,559129,437498,383,78.24634386697882
2021-10-15 04:00:00+00:00,bus,Unknown,3-6 min,departure,280611,219542,38,78.23713254291528
2021-10-08 04:00:00+00:00,bus,Unknown,3-6 min,departure,283111,221218,34,78.13825672616042
2020-08-27 04:00:00+00:00,bus,Unknown,3-6 min,departure,226767,177083,64,78.09028650553212
2021-09-03 04:00:00+00:00,bus,Unknown,6-12 min,departure,535058,417309,15,77.99322690250403
2021-11-26 05:00:00+00:00,bus,Unknown,3-6 min,departure,252867,197161,262,77.97023731843223
2021-02-12 05:00:00+00:00,bus,Unknown,0-3 min,departure,311050,242496,209,77.96045651824465
2021-04-09 04:00:00+00:00,bus,Unknown,0-3 min,departure,294903,229821,229,77.93104851425723
2021-04-09 04:00:00+00:00,bus,Unknown,3-6 min,departure,284768,221482,230,77.77629508933587
2021-02-12 05:00:00+00:00,bus,Unknown,3-6 min,departure,300722,233365,210,77.60157221619967
2022-09-09 04:00:00+00:00,bus,Unknown,3-6 min,departure,296947,229548,419,77.30268364388257
2021-09-24 04:00:00+00:00,bus,Unknown,0-3 min,departure,292241,225594,25,77.19450727310678
2021-09-24 04:00:00+00:00,bus,Unknown,3-6 min,departure,285078,218575,26,76.67199854075025
2022-02-04 05:00:00+00:00,bus,Unknown,3-6 min,departure,265438,203386,298,76.62278950263338
2020-09-10 04:00:00+00:00,bus,Unknown,0-3 min,departure,274003,209834,71,76.58091334766408
2022-02-04 05:00:00+00:00,bus,Unknown,0-3 min,departure,277477,211783,297,76.32452419479813
2021-05-07 04:00:00+00:00,bus,Unknown,0-3 min,departure,290275,221276,245,76.22978210317802
2021-09-10 04:00:00+00:00,bus,Unknown,6-12 min,departure,515170,392407,19,76.17039035658132
2020-09-03 04:00:00+00:00,bus,Unknown,0-3 min,departure,286631,218150,67,76.10830649859925
2021-09-16 04:00:00+00:00,bus,Unknown,0-3 min,departure,298070,226318,21,75.92780219411549
2021-09-03 04:00:00+00:00,bus,Unknown,0-3 min,departure,283965,215499,13,75.88928212983994
2021-05-07 04:00:00+00:00,bus,Unknown,3-6 min,departure,280356,212689,246,75.86390161080911
2020-12-25 05:00:00+00:00,bus,Unknown,0-3 min,departure,299258,226810,381,75.79078921866751
2020-09-10 04:00:00+00:00,bus,Unknown,3-6 min,departure,267585,201493,72,75.30055870097353
2021-09-10 04:00:00+00:00,bus,Unknown,0-3 min,departure,275030,206427,17,75.05617568992473
2020-09-03 04:00:00+00:00,bus,Unknown,3-6 min,departure,277923,207830,68,74.77970517013705
2021-09-16 04:00:00+00:00,bus,Unknown,3-6 min,departure,289787,216582,22,74.73834229968908
2021-09-03 04:00:00+00:00,bus,Unknown,3-6 min,departure,276352,206028,14,74.55274432607689
2020-12-25 05:00:00+00:00,bus,Unknown,3-6 min,departure,290265,215482,382,74.2363013108711
2022-11-04 04:00:00+00:00,bus,Unknown,3-6 min,departure,340565,251738,451,73.91775432002702
2021-09-10 04:00:00+00:00,bus,Unknown,3-6 min,departure,266839,194405,18,72.85479259028853
2022-08-19 04:00:00+00:00,bus,Unknown,6-12 min,departure,1033729,520682,408,50.36929407997648
2022-08-26 04:00:00+00:00,bus,Unknown,6-12 min,departure,1087251,513047,412,47.18753995167629
