route_shor,route_long,white_all,white_percentage,black_all,black_percentage,aapi_all,aapi_percentage,hisp_all,hisp_percentage,other_all,other_percentage,total_population
10,modified - MF (South Boston-Andrew-Ruggles),210242.0,38.945820181093374,145108.0,26.880214585278384,66182.0,12.259740067280191,107284.0,19.873590302168083,11016.0,2.040634864179967,539832.0
10,modified - MF (South Boston-Andrew-Ruggles),210242.0,38.945820181093374,145108.0,26.880214585278384,66182.0,12.259740067280191,107284.0,19.873590302168083,11016.0,2.040634864179967,539832.0
100,modified - WF+ (Medford-Fellsway-Wellington),0.0,,0.0,,0.0,,0.0,,0.0,,0.0
100,modified - WF+ (Medford-Fellsway-Wellington),0.0,,0.0,,0.0,,0.0,,0.0,,0.0
105,modified - MF (Saugus-Malden),0.0,,0.0,,0.0,,0.0,,0.0,,0.0
105,modified - MF (Saugus-Malden),0.0,,0.0,,0.0,,0.0,,0.0,,0.0
106,modified - MF (Lebanon Loop-Wellington),0.0,,0.0,,0.0,,0.0,,0.0,,0.0
106,modified - MF (Lebanon Loop-Wellington),0.0,,0.0,,0.0,,0.0,,0.0,,0.0
108,modified - MF (Malden Center-Kennedy Drive),0.0,,0.0,,0.0,,0.0,,0.0,,0.0
108,modified - MF (Malden Center-Kennedy Drive),0.0,,0.0,,0.0,,0.0,,0.0,,0.0
11,modified - WF+ (South Boston-Broadway),66908.0,79.3444489244124,3378.0,4.005881934397458,5118.0,6.069302468989398,8406.0,9.968455755045893,516.0,0.6119109171548515,84326.0
11,modified - WF+ (South Boston-Broadway),66908.0,79.3444489244124,3378.0,4.005881934397458,5118.0,6.069302468989398,8406.0,9.968455755045893,516.0,0.6119109171548515,84326.0
112,modified - WF (Admiral's Hill-Quigley Hospital),0.0,,0.0,,0.0,,0.0,,0.0,,0.0
112,modified - WF (Admiral's Hill-Quigley Hospital),0.0,,0.0,,0.0,,0.0,,0.0,,0.0
119,modified - MF (Winthrop-Revere),31520.0,38.000626913895786,2806.0,3.382923829961662,3864.0,4.658452487160321,43400.0,52.32319822535143,1356.0,1.6347985436307961,82946.0
119,modified - MF (Winthrop-Revere),31520.0,38.000626913895786,2806.0,3.382923829961662,3864.0,4.658452487160321,43400.0,52.32319822535143,1356.0,1.6347985436307961,82946.0
120,modified - MF (Winthrop-Maverick),31520.0,38.000626913895786,2806.0,3.382923829961662,3864.0,4.658452487160321,43400.0,52.32319822535143,1356.0,1.6347985436307961,82946.0
120,modified - MF (Winthrop-Maverick),31520.0,38.000626913895786,2806.0,3.382923829961662,3864.0,4.658452487160321,43400.0,52.32319822535143,1356.0,1.6347985436307961,82946.0
131,modified - MF (Melrose-Saugus-Lynn),0.0,,0.0,,0.0,,0.0,,0.0,,0.0
131,modified - MF (Melrose-Saugus-Lynn),0.0,,0.0,,0.0,,0.0,,0.0,,0.0
132,- WF+ (Stoneham-Malden),0.0,,0.0,,0.0,,0.0,,0.0,,0.0
132,- WF+ (Stoneham-Malden),0.0,,0.0,,0.0,,0.0,,0.0,,0.0
133,- WF+ (Anderson-Woburn-Stoneham-Melrose),0.0,,0.0,,0.0,,0.0,,0.0,,0.0
133,- WF+ (Anderson-Woburn-Stoneham-Melrose),0.0,,0.0,,0.0,,0.0,,0.0,,0.0
137,modified - WF+ (Reading-Wakefield-Malden),0.0,,0.0,,0.0,,0.0,,0.0,,0.0
137,modified - WF+ (Reading-Wakefield-Malden),0.0,,0.0,,0.0,,0.0,,0.0,,0.0
14,modified - MF (Cleary Sq-American Legion Hwy-Nubian),113918.0,23.185827739627047,206006.0,41.9285769529803,37644.0,7.661715439443466,122732.0,24.979748680102418,11026.0,2.244131187846766,491326.0
14,modified - MF (Cleary Sq-American Legion Hwy-Nubian),113918.0,23.185827739627047,206006.0,41.9285769529803,37644.0,7.661715439443466,122732.0,24.979748680102418,11026.0,2.244131187846766,491326.0
18,modified - YF (Ashmont-JFK/UMass),113100.0,37.918918556466,88486.0,29.666608553381522,30874.0,10.351093647323884,58344.0,19.560931779473496,7464.0,2.5024474633551037,298268.0
18,modified - YF (Ashmont-JFK/UMass),113100.0,37.918918556466,88486.0,29.666608553381522,30874.0,10.351093647323884,58344.0,19.560931779473496,7464.0,2.5024474633551037,298268.0
19,modified - MF (Fields Corner-Franklin Park-Ruggles),69186.0,21.167637556295283,131020.0,40.085911494027805,33274.0,10.180267280203642,84026.0,25.707974348932837,9342.0,2.8582093205404346,326848.0
19,modified - MF (Fields Corner-Franklin Park-Ruggles),69186.0,21.167637556295283,131020.0,40.085911494027805,33274.0,10.180267280203642,84026.0,25.707974348932837,9342.0,2.8582093205404346,326848.0
20,- WF (Ashmont-Field's Corner),57800.0,21.42804181804701,117982.0,43.73915622451249,27700.0,10.269148068510416,58728.0,21.772076814710463,7530.0,2.791577074219619,269740.0
20,- WF (Ashmont-Field's Corner),57800.0,21.42804181804701,117982.0,43.73915622451249,27700.0,10.269148068510416,58728.0,21.772076814710463,7530.0,2.791577074219619,269740.0
21,- MF (Ashmont-Forest Hills),109046.0,27.34908544614127,150150.0,37.658100065459635,36947.0,9.266425728395186,93298.0,23.399436696019002,9278.0,2.3269520639849115,398719.0
21,- MF (Ashmont-Forest Hills),109046.0,27.34908544614127,150150.0,37.658100065459635,36947.0,9.266425728395186,93298.0,23.399436696019002,9278.0,2.3269520639849115,398719.0
210,modified - MF (Quincy-North Quincy-Ashmont),56311.0,22.78128173281927,101705.0,41.14596186600103,27210.0,11.008127647351536,54649.0,22.108899955902757,7306.0,2.9557287979254068,247181.0
210,modified - MF (Quincy-North Quincy-Ashmont),56311.0,22.78128173281927,101705.0,41.14596186600103,27210.0,11.008127647351536,54649.0,22.108899955902757,7306.0,2.9557287979254068,247181.0
211,- WF+ (Squantum-North Quincy-Quincy),0.0,,0.0,,0.0,,0.0,,0.0,,0.0
211,- WF+ (Squantum-North Quincy-Quincy),0.0,,0.0,,0.0,,0.0,,0.0,,0.0
215,modified - MF (Quincy Center-East Milton-Fields Corner),54822.0,24.406335977776,85428.0,38.031893581216444,26720.0,11.895540062861162,50570.0,22.513378030647043,7082.0,3.152852347499355,224622.0
215,modified - MF (Quincy Center-East Milton-Fields Corner),54822.0,24.406335977776,85428.0,38.031893581216444,26720.0,11.895540062861162,50570.0,22.513378030647043,7082.0,3.152852347499355,224622.0
216,- MF (Houghs Neck-Quincy),0.0,,0.0,,0.0,,0.0,,0.0,,0.0
216,- MF (Houghs Neck-Quincy),0.0,,0.0,,0.0,,0.0,,0.0,,0.0
217,- XF (Quincy-Milton-Ashmont),57800.0,21.42804181804701,117982.0,43.73915622451249,27700.0,10.269148068510416,58728.0,21.772076814710463,7530.0,2.791577074219619,269740.0
217,- XF (Quincy-Milton-Ashmont),57800.0,21.42804181804701,117982.0,43.73915622451249,27700.0,10.269148068510416,58728.0,21.772076814710463,7530.0,2.791577074219619,269740.0
220,- MF (Hingham Depot-Quincy),0.0,,0.0,,0.0,,0.0,,0.0,,0.0
220,- MF (Hingham Depot-Quincy),0.0,,0.0,,0.0,,0.0,,0.0,,0.0
222,modified - MF (Lovell Corners-Quincy Center),0.0,,0.0,,0.0,,0.0,,0.0,,0.0
222,modified - MF (Lovell Corners-Quincy Center),0.0,,0.0,,0.0,,0.0,,0.0,,0.0
225,- WF+ (Quincy Center-Quincy Ave-Weymouth Landing),0.0,,0.0,,0.0,,0.0,,0.0,,0.0
225,- WF+ (Quincy Center-Quincy Ave-Weymouth Landing),0.0,,0.0,,0.0,,0.0,,0.0,,0.0
225,(variant) - WF+ (Quincy Center-South St-Weymouth Landing)),0.0,,0.0,,0.0,,0.0,,0.0,,0.0
225,(variant) - WF+ (Quincy Center-South St-Weymouth Landing)),0.0,,0.0,,0.0,,0.0,,0.0,,0.0
226,- WF+ (Columbian Square-Braintree),0.0,,0.0,,0.0,,0.0,,0.0,,0.0
226,- WF+ (Columbian Square-Braintree),0.0,,0.0,,0.0,,0.0,,0.0,,0.0
230,modified - WF+ (Montello-Holbrook-Braintree),0.0,,0.0,,0.0,,0.0,,0.0,,0.0
230,modified - WF+ (Montello-Holbrook-Braintree),0.0,,0.0,,0.0,,0.0,,0.0,,0.0
236,modified - WF+ (Braintree-Quincy),0.0,,0.0,,0.0,,0.0,,0.0,,0.0
236,modified - WF+ (Braintree-Quincy),0.0,,0.0,,0.0,,0.0,,0.0,,0.0
237,- WF+ (South Shore Plaza-Quincy),0.0,,0.0,,0.0,,0.0,,0.0,,0.0
237,- WF+ (South Shore Plaza-Quincy),0.0,,0.0,,0.0,,0.0,,0.0,,0.0
238,modified - WF+ (Holbrook/Randolph-Quincy Adams),0.0,,0.0,,0.0,,0.0,,0.0,,0.0
238,modified - WF+ (Holbrook/Randolph-Quincy Adams),0.0,,0.0,,0.0,,0.0,,0.0,,0.0
24,modified - MF (Dedham Mall-Hyde Park-Mattapan-Ashmont),72698.0,21.84238199681519,148324.0,44.56449238349908,29054.0,8.729381365862453,74530.0,22.392813147853257,8224.0,2.4709311059700148,332830.0
24,modified - MF (Dedham Mall-Hyde Park-Mattapan-Ashmont),72698.0,21.84238199681519,148324.0,44.56449238349908,29054.0,8.729381365862453,74530.0,22.392813147853257,8224.0,2.4709311059700148,332830.0
240,modified - WF+ (Avon-Randolph-Milton-Ashmont),57800.0,21.42804181804701,117982.0,43.73915622451249,27700.0,10.269148068510416,58728.0,21.772076814710463,7530.0,2.791577074219619,269740.0
240,modified - WF+ (Avon-Randolph-Milton-Ashmont),57800.0,21.42804181804701,117982.0,43.73915622451249,27700.0,10.269148068510416,58728.0,21.772076814710463,7530.0,2.791577074219619,269740.0
245,- WF (Quincy-Milton-Mattapan),2978.0,6.600469878983997,32554.0,72.15302096724146,980.0,2.1720820958375815,8158.0,18.08147524269693,448.0,0.9929518152400372,45118.0
245,- WF (Quincy-Milton-Mattapan),2978.0,6.600469878983997,32554.0,72.15302096724146,980.0,2.1720820958375815,8158.0,18.08147524269693,448.0,0.9929518152400372,45118.0
26,modified - MF (Mattapan-Fields Corner),57800.0,21.42804181804701,117982.0,43.73915622451249,27700.0,10.269148068510416,58728.0,21.772076814710463,7530.0,2.791577074219619,269740.0
26,modified - MF (Mattapan-Fields Corner),57800.0,21.42804181804701,117982.0,43.73915622451249,27700.0,10.269148068510416,58728.0,21.772076814710463,7530.0,2.791577074219619,269740.0
29,modified - YF (Ashmont-Franklin Field),54822.0,24.406335977776,85428.0,38.031893581216444,26720.0,11.895540062861162,50570.0,22.513378030647043,7082.0,3.152852347499355,224622.0
29,modified - YF (Ashmont-Franklin Field),54822.0,24.406335977776,85428.0,38.031893581216444,26720.0,11.895540062861162,50570.0,22.513378030647043,7082.0,3.152852347499355,224622.0
30,- MF (Mattapan-Forest Hills),88796.0,36.640477998217406,84358.0,34.809196844155416,10340.0,4.266662265209784,56548.0,23.333773479021556,2302.0,0.949889413395834,242344.0
30,- MF (Mattapan-Forest Hills),88796.0,36.640477998217406,84358.0,34.809196844155416,10340.0,4.266662265209784,56548.0,23.333773479021556,2302.0,0.949889413395834,242344.0
34,modified - MF (Legacy Place-Forest Hills),127654.0,49.447246302709154,58428.0,22.632300648430057,14262.0,5.524438143491296,55524.0,21.507425569990936,2294.0,0.8885893353785608,258162.0
34,modified - MF (Legacy Place-Forest Hills),127654.0,49.447246302709154,58428.0,22.632300648430057,14262.0,5.524438143491296,55524.0,21.507425569990936,2294.0,0.8885893353785608,258162.0
34E,modified - WF+ (Walpole-Dedham-Forest Hills),127654.0,49.447246302709154,58428.0,22.632300648430057,14262.0,5.524438143491296,55524.0,21.507425569990936,2294.0,0.8885893353785608,258162.0
34E,modified - WF+ (Walpole-Dedham-Forest Hills),127654.0,49.447246302709154,58428.0,22.632300648430057,14262.0,5.524438143491296,55524.0,21.507425569990936,2294.0,0.8885893353785608,258162.0
35,- MF (Dedham Mall-Centre St-Forest Hills),112756.0,57.802247375328086,28086.0,14.397760826771652,12908.0,6.617043963254593,39722.0,20.362737860892388,1600.0,0.8202099737532809,195072.0
35,- MF (Dedham Mall-Centre St-Forest Hills),112756.0,57.802247375328086,28086.0,14.397760826771652,12908.0,6.617043963254593,39722.0,20.362737860892388,1600.0,0.8202099737532809,195072.0
350,modified - WF+ (Burlington-Arlington-Alewife),0.0,,0.0,,0.0,,0.0,,0.0,,0.0
350,modified - WF+ (Burlington-Arlington-Alewife),0.0,,0.0,,0.0,,0.0,,0.0,,0.0
351,- XF (Burlington Peak),0.0,,0.0,,0.0,,0.0,,0.0,,0.0
351,- XF (Burlington Peak),0.0,,0.0,,0.0,,0.0,,0.0,,0.0
36,modified - MF (Dedham Mall-VA Hospital-Forest Hills),112756.0,57.802247375328086,28086.0,14.397760826771652,12908.0,6.617043963254593,39722.0,20.362737860892388,1600.0,0.8202099737532809,195072.0
36,modified - MF (Dedham Mall-VA Hospital-Forest Hills),112756.0,57.802247375328086,28086.0,14.397760826771652,12908.0,6.617043963254593,39722.0,20.362737860892388,1600.0,0.8202099737532809,195072.0
38,modified - WF+ (West Roxbury-Nubian),127120.0,42.75844438913145,73678.0,24.78254142308391,19462.0,6.546293617851448,73178.0,24.61436000242181,3860.0,1.2983605675113858,297298.0
38,modified - WF+ (West Roxbury-Nubian),127120.0,42.75844438913145,73678.0,24.78254142308391,19462.0,6.546293617851448,73178.0,24.61436000242181,3860.0,1.2983605675113858,297298.0
40,modified - WF+ (Readville-Germantown-West Roxbury-Forest Hills),127654.0,49.447246302709154,58428.0,22.632300648430057,14262.0,5.524438143491296,55524.0,21.507425569990936,2294.0,0.8885893353785608,258162.0
40,modified - WF+ (Readville-Germantown-West Roxbury-Forest Hills),127654.0,49.447246302709154,58428.0,22.632300648430057,14262.0,5.524438143491296,55524.0,21.507425569990936,2294.0,0.8885893353785608,258162.0
42,modified - MF (Forest Hills-Nubian-Broadway),154257.0,48.88760006845538,64100.0,20.314767980629664,26514.0,8.40289794443705,66954.0,21.219266386506682,3709.0,1.1754676199712233,315534.0
42,modified - MF (Forest Hills-Nubian-Broadway),154257.0,48.88760006845538,64100.0,20.314767980629664,26514.0,8.40289794443705,66954.0,21.219266386506682,3709.0,1.1754676199712233,315534.0
426,modified - MF (Lynn-Saugus-Wonderland),0.0,,0.0,,0.0,,0.0,,0.0,,0.0
426,modified - MF (Lynn-Saugus-Wonderland),0.0,,0.0,,0.0,,0.0,,0.0,,0.0
429,modified - MF (Lynnfield-Lynn),0.0,,0.0,,0.0,,0.0,,0.0,,0.0
429,modified - MF (Lynnfield-Lynn),0.0,,0.0,,0.0,,0.0,,0.0,,0.0
43,- YF (Ruggles-Park Street),84786.0,39.134649114709305,53682.0,24.777984971290365,30302.0,13.986485239000793,44972.0,20.757712829791554,2910.0,1.3431678452079832,216652.0
43,- YF (Ruggles-Park Street),84786.0,39.134649114709305,53682.0,24.777984971290365,30302.0,13.986485239000793,44972.0,20.757712829791554,2910.0,1.3431678452079832,216652.0
435,modified - MF (Salem Depot-Peabody-Lynn),0.0,,0.0,,0.0,,0.0,,0.0,,0.0
435,modified - MF (Salem Depot-Peabody-Lynn),0.0,,0.0,,0.0,,0.0,,0.0,,0.0
436,modified - WF+ (Liberty Tree Mall-Lynnfield-Lynn),0.0,,0.0,,0.0,,0.0,,0.0,,0.0
436,modified - WF+ (Liberty Tree Mall-Lynnfield-Lynn),0.0,,0.0,,0.0,,0.0,,0.0,,0.0
439,modified - YF (Nahant-Lynn),0.0,,0.0,,0.0,,0.0,,0.0,,0.0
439,modified - YF (Nahant-Lynn),0.0,,0.0,,0.0,,0.0,,0.0,,0.0
442,modified - MF (Marblehead-Swampscott-Wonderland),0.0,,0.0,,0.0,,0.0,,0.0,,0.0
442,modified - MF (Marblehead-Swampscott-Wonderland),0.0,,0.0,,0.0,,0.0,,0.0,,0.0
450,modified - MF (Salem-Lynn-Wonderland),0.0,,0.0,,0.0,,0.0,,0.0,,0.0
450,modified - MF (Salem-Lynn-Wonderland),0.0,,0.0,,0.0,,0.0,,0.0,,0.0
451,modified - YF (Beverly),0.0,,0.0,,0.0,,0.0,,0.0,,0.0
451,modified - YF (Beverly),0.0,,0.0,,0.0,,0.0,,0.0,,0.0
455,modified - MF (Salem-Swampscott-Wonderland),0.0,,0.0,,0.0,,0.0,,0.0,,0.0
455,modified - MF (Salem-Swampscott-Wonderland),0.0,,0.0,,0.0,,0.0,,0.0,,0.0
50,modified - WF+ (Readville-Fairmount-Hyde Park-Forest Hills),85818.0,43.51251863344589,51804.0,26.26631377201789,9360.0,4.745824587021994,48390.0,24.535304675854096,1854.0,0.940038331660126,197226.0
50,modified - WF+ (Readville-Fairmount-Hyde Park-Forest Hills),85818.0,43.51251863344589,51804.0,26.26631377201789,9360.0,4.745824587021994,48390.0,24.535304675854096,1854.0,0.940038331660126,197226.0
501,- XF2 (Brighton-Downtown),214864.0,60.783958719956544,21294.0,6.023966867333544,76080.0,21.52265423437288,37650.0,10.650998053682162,3600.0,1.0184221246548681,353488.0
501,- XF2 (Brighton-Downtown),214864.0,60.783958719956544,21294.0,6.023966867333544,76080.0,21.52265423437288,37650.0,10.650998053682162,3600.0,1.0184221246548681,353488.0
504,- XF2 (Watertown-Downtown),214864.0,60.783958719956544,21294.0,6.023966867333544,76080.0,21.52265423437288,37650.0,10.650998053682162,3600.0,1.0184221246548681,353488.0
504,- XF2 (Watertown-Downtown),214864.0,60.783958719956544,21294.0,6.023966867333544,76080.0,21.52265423437288,37650.0,10.650998053682162,3600.0,1.0184221246548681,353488.0
505,modified - XF2 (Waltham-Watertown-Downtown),214864.0,60.783958719956544,21294.0,6.023966867333544,76080.0,21.52265423437288,37650.0,10.650998053682162,3600.0,1.0184221246548681,353488.0
505,modified - XF2 (Waltham-Watertown-Downtown),214864.0,60.783958719956544,21294.0,6.023966867333544,76080.0,21.52265423437288,37650.0,10.650998053682162,3600.0,1.0184221246548681,353488.0
51,- WF+ (Reservoir-Bellevue-Forest Hills),112756.0,57.802247375328086,28086.0,14.397760826771652,12908.0,6.617043963254593,39722.0,20.362737860892388,1600.0,0.8202099737532809,195072.0
51,- WF+ (Reservoir-Bellevue-Forest Hills),112756.0,57.802247375328086,28086.0,14.397760826771652,12908.0,6.617043963254593,39722.0,20.362737860892388,1600.0,0.8202099737532809,195072.0
52,modified - WF+ (Charles River Loop-Newton Center-Watertown),41836.0,68.6556387029014,6624.0,10.870421425758172,4902.0,8.044505710909807,7134.0,11.7073651043718,440.0,0.7220690560588159,60936.0
52,modified - WF+ (Charles River Loop-Newton Center-Watertown),41836.0,68.6556387029014,6624.0,10.870421425758172,4902.0,8.044505710909807,7134.0,11.7073651043718,440.0,0.7220690560588159,60936.0
53,- WF (Waltham-Brandeis-Riverside),0.0,,0.0,,0.0,,0.0,,0.0,,0.0
53,- WF (Waltham-Brandeis-Riverside),0.0,,0.0,,0.0,,0.0,,0.0,,0.0
54,- MF (Arlington-Waltham-Riverside),0.0,,0.0,,0.0,,0.0,,0.0,,0.0
54,- MF (Arlington-Waltham-Riverside),0.0,,0.0,,0.0,,0.0,,0.0,,0.0
55,modified - MF (Kendall-LMA),118234.0,60.44188614428268,16268.0,8.316293145754948,30928.0,15.810567642728612,28542.0,14.590831015867822,1644.0,0.8404220513659414,195616.0
55,modified - MF (Kendall-LMA),118234.0,60.44188614428268,16268.0,8.316293145754948,30928.0,15.810567642728612,28542.0,14.590831015867822,1644.0,0.8404220513659414,195616.0
59,modified - WF+ (Needham Junction-Newton Highlands-Watertown Square),0.0,,0.0,,0.0,,0.0,,0.0,,0.0
59,modified - WF+ (Needham Junction-Newton Highlands-Watertown Square),0.0,,0.0,,0.0,,0.0,,0.0,,0.0
60,modified - MF (Newton Common-Chestnut Hill-Brookline Village-Fenway),104022.0,54.0497568275346,19770.0,10.272477865070458,34176.0,17.75782516523257,32684.0,16.98258303196575,1804.0,0.9373571101966164,192456.0
60,modified - MF (Newton Common-Chestnut Hill-Brookline Village-Fenway),104022.0,54.0497568275346,19770.0,10.272477865070458,34176.0,17.75782516523257,32684.0,16.98258303196575,1804.0,0.9373571101966164,192456.0
61,modified - WF (Waltham-Watertown),0.0,,0.0,,0.0,,0.0,,0.0,,0.0
61,modified - WF (Waltham-Watertown),0.0,,0.0,,0.0,,0.0,,0.0,,0.0
62,- WF+ (Bedford-Lexington-Alewife),0.0,,0.0,,0.0,,0.0,,0.0,,0.0
62,- WF+ (Bedford-Lexington-Alewife),0.0,,0.0,,0.0,,0.0,,0.0,,0.0
64,modified - MF (Oak Square-Kendall/MIT),131372.0,59.87511963903195,12272.0,5.5931817145982405,48384.0,22.05186636889841,24556.0,11.191832642085593,2826.0,1.2879996353858074,219410.0
64,modified - MF (Oak Square-Kendall/MIT),131372.0,59.87511963903195,12272.0,5.5931817145982405,48384.0,22.05186636889841,24556.0,11.191832642085593,2826.0,1.2879996353858074,219410.0
68,- XF (Harvard-Kendall/MIT),0.0,,0.0,,0.0,,0.0,,0.0,,0.0
68,- XF (Harvard-Kendall/MIT),0.0,,0.0,,0.0,,0.0,,0.0,,0.0
69,- MF (Harvard-Lechmere),0.0,,0.0,,0.0,,0.0,,0.0,,0.0
69,- MF (Harvard-Lechmere),0.0,,0.0,,0.0,,0.0,,0.0,,0.0
70,modified (variant) - MF (MarketPlace Drive-Waltham Square),0.0,,0.0,,0.0,,0.0,,0.0,,0.0
70,modified (variant) - MF (MarketPlace Drive-Waltham Square),0.0,,0.0,,0.0,,0.0,,0.0,,0.0
714,modified - WF (Hull-Hingham),0.0,,0.0,,0.0,,0.0,,0.0,,0.0
714,modified - WF (Hull-Hingham),0.0,,0.0,,0.0,,0.0,,0.0,,0.0
716,- YF (Cobbs Corner-Canton-Mattapan),2978.0,6.600469878983997,32554.0,72.15302096724146,980.0,2.1720820958375815,8158.0,18.08147524269693,448.0,0.9929518152400372,45118.0
716,- YF (Cobbs Corner-Canton-Mattapan),2978.0,6.600469878983997,32554.0,72.15302096724146,980.0,2.1720820958375815,8158.0,18.08147524269693,448.0,0.9929518152400372,45118.0
75,- MF (Belmont-Harvard),0.0,,0.0,,0.0,,0.0,,0.0,,0.0
75,- MF (Belmont-Harvard),0.0,,0.0,,0.0,,0.0,,0.0,,0.0
76,modified - XF (Lexington-Alewife),0.0,,0.0,,0.0,,0.0,,0.0,,0.0
76,modified - XF (Lexington-Alewife),0.0,,0.0,,0.0,,0.0,,0.0,,0.0
78,- WF+ (Arlmont Village-Harvard),0.0,,0.0,,0.0,,0.0,,0.0,,0.0
78,- WF+ (Arlmont Village-Harvard),0.0,,0.0,,0.0,,0.0,,0.0,,0.0
83,modified - MF (Rindge-Porter-Inman-Kendall),0.0,,0.0,,0.0,,0.0,,0.0,,0.0
83,modified - MF (Rindge-Porter-Inman-Kendall),0.0,,0.0,,0.0,,0.0,,0.0,,0.0
86,modified - MF (Reservoir-Allston-Harvard),131372.0,59.87511963903195,12272.0,5.5931817145982405,48384.0,22.05186636889841,24556.0,11.191832642085593,2826.0,1.2879996353858074,219410.0
86,modified - MF (Reservoir-Allston-Harvard),131372.0,59.87511963903195,12272.0,5.5931817145982405,48384.0,22.05186636889841,24556.0,11.191832642085593,2826.0,1.2879996353858074,219410.0
87,modified - MF (Turkey Hill-Arlington-Medford-Tufts-Sullivan),27252.0,73.89771679592168,1980.0,5.369054720971853,3300.0,8.948424534953087,4150.0,11.253321763653126,196.0,0.531482184500244,36878.0
87,modified - MF (Turkey Hill-Arlington-Medford-Tufts-Sullivan),27252.0,73.89771679592168,1980.0,5.369054720971853,3300.0,8.948424534953087,4150.0,11.253321763653126,196.0,0.531482184500244,36878.0
90,modified - MF (Chelsea-Everett-Assembly-Arlington),0.0,,0.0,,0.0,,0.0,,0.0,,0.0
90,modified - MF (Chelsea-Everett-Assembly-Arlington),0.0,,0.0,,0.0,,0.0,,0.0,,0.0
94,modified - WF+ (Burlington-Woburn-Winchester-Davis),0.0,,0.0,,0.0,,0.0,,0.0,,0.0
94,modified - WF+ (Burlington-Woburn-Winchester-Davis),0.0,,0.0,,0.0,,0.0,,0.0,,0.0
95,modified - MF (Arlington-Medford-Wellington),0.0,,0.0,,0.0,,0.0,,0.0,,0.0
95,modified - MF (Arlington-Medford-Wellington),0.0,,0.0,,0.0,,0.0,,0.0,,0.0
99,modified - WF+ (Melrose-Malden-Wellington),0.0,,0.0,,0.0,,0.0,,0.0,,0.0
99,modified - WF+ (Melrose-Malden-Wellington),0.0,,0.0,,0.0,,0.0,,0.0,,0.0
B,Green Line B,192874.0,64.06497043778649,15286.0,5.077393210655683,59424.0,19.738258154520693,30204.0,10.032551650833721,3272.0,1.0868265462034146,301060.0
B,Green Line B,192874.0,64.06497043778649,15286.0,5.077393210655683,59424.0,19.738258154520693,30204.0,10.032551650833721,3272.0,1.0868265462034146,301060.0
C,Green Line C,163606.0,66.35275986535264,12384.0,5.022508821024455,45078.0,18.282029443971286,22890.0,9.28336780630247,2612.0,1.0593340633491504,246570.0
C,Green Line C,163606.0,66.35275986535264,12384.0,5.022508821024455,45078.0,18.282029443971286,22890.0,9.28336780630247,2612.0,1.0593340633491504,246570.0
D,Green Line D,346944.0,66.36570921388893,26120.0,4.996403813487995,95916.0,18.34743752582368,48232.0,9.226131268459149,5564.0,1.0643181783402451,522776.0
D,Green Line D,346944.0,66.36570921388893,26120.0,4.996403813487995,95916.0,18.34743752582368,48232.0,9.226131268459149,5564.0,1.0643181783402451,522776.0
D,Green Line D,346944.0,66.36570921388893,26120.0,4.996403813487995,95916.0,18.34743752582368,48232.0,9.226131268459149,5564.0,1.0643181783402451,522776.0
D,Green Line D,346944.0,66.36570921388893,26120.0,4.996403813487995,95916.0,18.34743752582368,48232.0,9.226131268459149,5564.0,1.0643181783402451,522776.0
E,Green Line E,170244.0,60.58505338078292,22792.0,8.11103202846975,46782.0,16.648398576512456,38796.0,13.806405693950177,2386.0,0.8491103202846975,281000.0
E,Green Line E,170244.0,60.58505338078292,22792.0,8.11103202846975,46782.0,16.648398576512456,38796.0,13.806405693950177,2386.0,0.8491103202846975,281000.0
SL1,- HF (Logan Airport-South Station),58498.0,48.87867647058823,4200.0,3.509358288770054,9400.0,7.8542780748663095,45954.0,38.39739304812834,1628.0,1.3602941176470589,119680.0
SL1,- HF (Logan Airport-South Station),58498.0,48.87867647058823,4200.0,3.509358288770054,9400.0,7.8542780748663095,45954.0,38.39739304812834,1628.0,1.3602941176470589,119680.0
SL3,- HF (Chelsea-South Station),58498.0,48.87867647058823,4200.0,3.509358288770054,9400.0,7.8542780748663095,45954.0,38.39739304812834,1628.0,1.3602941176470589,119680.0
SL3,- HF (Chelsea-South Station),58498.0,48.87867647058823,4200.0,3.509358288770054,9400.0,7.8542780748663095,45954.0,38.39739304812834,1628.0,1.3602941176470589,119680.0
SL4/SL5,combined - HF (Nubian-South Station),69744.0,35.103684316488824,53178.0,26.765653311858262,29042.0,14.617475337225688,43898.0,22.094825850614054,2818.0,1.418361183813167,198680.0
SL4/SL5,combined - HF (Nubian-South Station),69744.0,35.103684316488824,53178.0,26.765653311858262,29042.0,14.617475337225688,43898.0,22.094825850614054,2818.0,1.418361183813167,198680.0
SLW,modified - XF4 (Design Center - South Station),26978.0,73.44149833941309,1394.0,3.794849458267545,5536.0,15.070506887352316,2554.0,6.952686884085588,272.0,0.7404584308814721,36734.0
SLW,modified - XF4 (Design Center - South Station),26978.0,73.44149833941309,1394.0,3.794849458267545,5536.0,15.070506887352316,2554.0,6.952686884085588,272.0,0.7404584308814721,36734.0
T1,- HF (Harvard-Back Bay-Nubian),100006.0,41.620609289162644,54779.0,22.7979856833694,34875.0,14.514316630597637,47177.0,19.634176793740636,3443.0,1.432911603129682,240280.0
T1,- HF (Harvard-Back Bay-Nubian),100006.0,41.620609289162644,54779.0,22.7979856833694,34875.0,14.514316630597637,47177.0,19.634176793740636,3443.0,1.432911603129682,240280.0
T101,modified - HF (Medford-Sullivan-Kendall),27252.0,73.89771679592168,1980.0,5.369054720971853,3300.0,8.948424534953087,4150.0,11.253321763653126,196.0,0.531482184500244,36878.0
T101,modified - HF (Medford-Sullivan-Kendall),27252.0,73.89771679592168,1980.0,5.369054720971853,3300.0,8.948424534953087,4150.0,11.253321763653126,196.0,0.531482184500244,36878.0
T104,modified - HF (Malden-Everett-Chelsea-Wood Island),31520.0,38.000626913895786,2806.0,3.382923829961662,3864.0,4.658452487160321,43400.0,52.32319822535143,1356.0,1.6347985436307961,82946.0
T104,modified - HF (Malden-Everett-Chelsea-Wood Island),31520.0,38.000626913895786,2806.0,3.382923829961662,3864.0,4.658452487160321,43400.0,52.32319822535143,1356.0,1.6347985436307961,82946.0
T109,modified - HF (Everett-Sullivan-Harvard),27252.0,73.89771679592168,1980.0,5.369054720971853,3300.0,8.948424534953087,4150.0,11.253321763653126,196.0,0.531482184500244,36878.0
T109,modified - HF (Everett-Sullivan-Harvard),27252.0,73.89771679592168,1980.0,5.369054720971853,3300.0,8.948424534953087,4150.0,11.253321763653126,196.0,0.531482184500244,36878.0
T110,- HF (Wellington-Everett-Wonderland),0.0,,0.0,,0.0,,0.0,,0.0,,0.0
T110,- HF (Wellington-Everett-Wonderland),0.0,,0.0,,0.0,,0.0,,0.0,,0.0
T111,- HF (Woodlawn-Chelsea-Haymarket),74078.0,75.06890960680988,4012.0,4.065666801783543,11642.0,11.797730036481555,8354.0,8.465747871909201,594.0,0.6019456830158086,98680.0
T111,- HF (Woodlawn-Chelsea-Haymarket),74078.0,75.06890960680988,4012.0,4.065666801783543,11642.0,11.797730036481555,8354.0,8.465747871909201,594.0,0.6019456830158086,98680.0
T116,- HF (Wonderland-Chelsea-Maverick),31520.0,38.000626913895786,2806.0,3.382923829961662,3864.0,4.658452487160321,43400.0,52.32319822535143,1356.0,1.6347985436307961,82946.0
T116,- HF (Wonderland-Chelsea-Maverick),31520.0,38.000626913895786,2806.0,3.382923829961662,3864.0,4.658452487160321,43400.0,52.32319822535143,1356.0,1.6347985436307961,82946.0
T12,- HF (Brookline Village-LMA-Andrew-Downtown),240116.0,39.77867236552193,154168.0,25.540148766628562,72568.0,12.02193396617133,125116.0,20.727266703112836,11662.0,1.9319781985653464,603630.0
T12,- HF (Brookline Village-LMA-Andrew-Downtown),240116.0,39.77867236552193,154168.0,25.540148766628562,72568.0,12.02193396617133,125116.0,20.727266703112836,11662.0,1.9319781985653464,603630.0
T15,modified - HF (Oak Square-LMA-Nubian-Kane Square),234400.0,38.299276823382165,155368.0,25.38601553538925,83052.0,13.57010042122669,126666.0,20.696314838355484,12536.0,2.0482923816464114,612022.0
T15,modified - HF (Oak Square-LMA-Nubian-Kane Square),234400.0,38.299276823382165,155368.0,25.38601553538925,83052.0,13.57010042122669,126666.0,20.696314838355484,12536.0,2.0482923816464114,612022.0
T16,modified - HF (Forest Hills-Uphams-Andrew),171528.0,35.85751316999749,143450.0,29.987875240404716,43398.0,9.072246843381555,109642.0,22.920394681829585,10342.0,2.1619700643866544,478360.0
T16,modified - HF (Forest Hills-Uphams-Andrew),171528.0,35.85751316999749,143450.0,29.987875240404716,43398.0,9.072246843381555,109642.0,22.920394681829585,10342.0,2.1619700643866544,478360.0
T22,modified - HF (Ashmont-LMA),132296.0,29.589668576745353,145998.0,32.65429365111317,49014.0,10.962599138451628,109424.0,24.47405737393257,10370.0,2.3193812597572814,447102.0
T22,modified - HF (Ashmont-LMA),132296.0,29.589668576745353,145998.0,32.65429365111317,49014.0,10.962599138451628,109424.0,24.47405737393257,10370.0,2.3193812597572814,447102.0
T23,- HF (Ashmont-Nubian-Ruggles),89642.0,24.698235840297123,133416.0,36.758883479497115,42492.0,11.707429969499847,87669.0,24.154633295586983,9730.0,2.6808174151189283,362949.0
T23,- HF (Ashmont-Nubian-Ruggles),89642.0,24.698235840297123,133416.0,36.758883479497115,42492.0,11.707429969499847,87669.0,24.154633295586983,9730.0,2.6808174151189283,362949.0
T28,modified - HF (Mattapan-Nubian-Kenmore),176186.0,31.215296356272432,183344.0,32.483496390998226,68430.0,12.123907289226855,124868.0,22.12316316514948,11594.0,2.0541367983530052,564422.0
T28,modified - HF (Mattapan-Nubian-Kenmore),176186.0,31.215296356272432,183344.0,32.483496390998226,68430.0,12.123907289226855,124868.0,22.12316316514948,11594.0,2.0541367983530052,564422.0
T31,- HF (Mattapan-Forest Hills),109046.0,27.34908544614127,150150.0,37.658100065459635,36947.0,9.266425728395186,93298.0,23.399436696019002,9278.0,2.3269520639849115,398719.0
T31,- HF (Mattapan-Forest Hills),109046.0,27.34908544614127,150150.0,37.658100065459635,36947.0,9.266425728395186,93298.0,23.399436696019002,9278.0,2.3269520639849115,398719.0
T32,- HF (Hyde Park-Forest Hills),85818.0,43.51251863344589,51804.0,26.26631377201789,9360.0,4.745824587021994,48390.0,24.535304675854096,1854.0,0.940038331660126,197226.0
T32,- HF (Hyde Park-Forest Hills),85818.0,43.51251863344589,51804.0,26.26631377201789,9360.0,4.745824587021994,48390.0,24.535304675854096,1854.0,0.940038331660126,197226.0
T39,modified - HF (Porter-Central-LMA-Forest Hills),133290.0,53.97536303483352,22672.0,9.180954540668811,48522.0,19.64883010860674,39998.0,16.19706332558535,2464.0,0.9977889903055729,246946.0
T39,modified - HF (Porter-Central-LMA-Forest Hills),133290.0,53.97536303483352,22672.0,9.180954540668811,48522.0,19.64883010860674,39998.0,16.19706332558535,2464.0,0.9977889903055729,246946.0
T57,- HF (Watertown Square-Oak Square-Kenmore),131372.0,59.87511963903195,12272.0,5.5931817145982405,48384.0,22.05186636889841,24556.0,11.191832642085593,2826.0,1.2879996353858074,219410.0
T57,- HF (Watertown Square-Oak Square-Kenmore),131372.0,59.87511963903195,12272.0,5.5931817145982405,48384.0,22.05186636889841,24556.0,11.191832642085593,2826.0,1.2879996353858074,219410.0
T66,modified - HF (Harvard-Allston-Nubian),147654.0,42.28689585648333,68264.0,19.550250306439235,55076.0,15.77331515699999,73454.0,21.03662378426678,4724.0,1.3529148958106605,349172.0
T66,modified - HF (Harvard-Allston-Nubian),147654.0,42.28689585648333,68264.0,19.550250306439235,55076.0,15.77331515699999,73454.0,21.03662378426678,4724.0,1.3529148958106605,349172.0
T7,modified - HF (Sullivan-Charlestown-South Boston),131680.0,76.31809251134513,7249.0,4.201320265907813,16315.0,9.455723567152155,16232.0,9.407619058658522,1065.0,0.6172445969363803,172541.0
T7,modified - HF (Sullivan-Charlestown-South Boston),131680.0,76.31809251134513,7249.0,4.201320265907813,16315.0,9.455723567152155,16232.0,9.407619058658522,1065.0,0.6172445969363803,172541.0
T70,modified - HF (Waltham-Watertown-Kendall),131372.0,59.87511963903195,12272.0,5.5931817145982405,48384.0,22.05186636889841,24556.0,11.191832642085593,2826.0,1.2879996353858074,219410.0
T70,modified - HF (Waltham-Watertown-Kendall),131372.0,59.87511963903195,12272.0,5.5931817145982405,48384.0,22.05186636889841,24556.0,11.191832642085593,2826.0,1.2879996353858074,219410.0
T71,- HF (Watertown-Harvard),0.0,,0.0,,0.0,,0.0,,0.0,,0.0
T71,- HF (Watertown-Harvard),0.0,,0.0,,0.0,,0.0,,0.0,,0.0
T73,- HF (Waverly-Harvard),0.0,,0.0,,0.0,,0.0,,0.0,,0.0
T73,- HF (Waverly-Harvard),0.0,,0.0,,0.0,,0.0,,0.0,,0.0
T77,- HF (Arlington-Porter-Harvard),0.0,,0.0,,0.0,,0.0,,0.0,,0.0
T77,- HF (Arlington-Porter-Harvard),0.0,,0.0,,0.0,,0.0,,0.0,,0.0
T8,modified - HF (Harbor Point-Copley),188812.0,38.176693477619125,141432.0,28.596731732763953,51990.0,10.51207706025792,102018.0,20.627449077387812,10322.0,2.0870486519711915,494574.0
T8,modified - HF (Harbor Point-Copley),188812.0,38.176693477619125,141432.0,28.596731732763953,51990.0,10.51207706025792,102018.0,20.627449077387812,10322.0,2.0870486519711915,494574.0
T9,- HF (South Boston-Broadway-Copley),137430.0,71.79013022833054,11269.0,5.886654860969634,21966.0,11.474510664305528,19585.0,10.230733468106335,1183.0,0.617970778287965,191433.0
T9,- HF (South Boston-Broadway-Copley),137430.0,71.79013022833054,11269.0,5.886654860969634,21966.0,11.474510664305528,19585.0,10.230733468106335,1183.0,0.617970778287965,191433.0
T96,modified - HF (Malden-Medford-Porter),0.0,,0.0,,0.0,,0.0,,0.0,,0.0
T96,modified - HF (Malden-Medford-Porter),0.0,,0.0,,0.0,,0.0,,0.0,,0.0
