stop_id,latitude,longitude,zip_code
2.0,42.332324,-71.081252,02119
5.0,42.336339,-71.07707,02118
7.0,42.333043,-71.081108,02118
8.0,42.331202,-71.070724,02118
13.0,42.329962,-71.057625,02127
20.0,42.335377,-71.045728,02127
21.0,42.335423,-71.044136,02127
25.0,42.335567,-71.03554,02127
33.0,42.338537,-71.031181,02127
41.0,42.335658,-71.035628,02127
45.0,42.335505,-71.044151,02127
55.0,42.336361,-71.077214,02118
59.0,42.336295,-71.076941,02118
62.0,42.332045,-71.081738,02119
64.0,42.329789,-71.083887,02119
65.0,42.358863,-71.057481,02109
67.0,42.370044,-71.113514,02163
72.0,42.364915,-71.103074,02139
75.0,42.358673,-71.093551,02139
79.0,42.346965,-71.08772,02115
93.0,42.348005,-71.088033,02115
97.0,42.359349,-71.093716,02139
102.0,42.365291,-71.103404,02139
108.0,42.37027,-71.112998,02138
110.0,42.373111,-71.117653,02163
111.0,42.317184,-71.040238,02125
113.0,42.364737,-71.062198,02114
114.0,42.366114,-71.060067,02222
117.0,42.361847,-71.057724,02201
120.0,42.277603,-71.18138,02132
121.0,42.320511,-71.05178,02125
122.0,42.321113,-71.056267,02125
123.0,42.320041,-71.059798,02125
128.0,42.327984,-71.067744,01125
134.0,42.320516,-71.061612,02125
136.0,42.32095,-71.056004,02125
141.0,42.395752,-71.141584,02140
142.0,42.317071,-71.040217,02125
148.0,42.346575,-71.064724,02118
150.0,42.342556,-71.057015,02205
151.0,42.342664,-71.056949,02127
175.0,42.350011,-71.077432,02116
176.0,42.347343,-71.076035,02116
178.0,42.349505,-71.076639,02216
180.0,42.311134,-71.056723,02125
185.0,42.267715,-71.092067,02126
187.0,42.341553,-71.083328,02199
188.0,42.34157,-71.083092,02199
190.0,42.358789,-71.056733,02201
214.0,42.351012,-71.043647,02210
224.0,42.359176,-71.051583,02110
236.0,42.359022,-71.052369,02109
258.0,42.332673,-71.05098,01125
268.0,42.331676,-71.029247,02127
275.0,42.331565,-71.030048,02127
286.0,42.332782,-71.050957,01125
322.0,42.299071,-71.064001,02124
323.0,42.299807,-71.062219,02212
325.0,42.298197,-71.060956,02212
334.0,42.284195,-71.063879,02124
362.0,42.318764,-71.063583,02125
371.0,42.29017,-71.070633,02124
378.0,42.294378,-71.086043,02124
383.0,42.302768,-71.085185,02121
386.0,42.310509,-71.083162,02121
390.0,42.316257,-71.082891,02119
395.0,42.323909,-71.082602,02119
396.0,42.325547,-71.083166,02119
407.0,42.316227,-71.083032,02119
412.0,42.310421,-71.083262,02121
415.0,42.303293,-71.08537,02121
419.0,42.295595,-71.087913,02124
426.0,42.289943,-71.069975,02124
463.0,42.299691,-71.073911,02121
468.0,42.305459,-71.0807,02121
473.0,42.305298,-71.080324,02121
478.0,42.299101,-71.073547,02121
494.0,42.278512,-71.070513,02124
499.0,42.278931,-71.080231,02126
507.0,42.278487,-71.078726,02126
511.0,42.279234,-71.069699,02124
526.0,42.284037,-71.091028,02126
533.0,42.280436,-71.065696,02124
536.0,42.282077,-71.065378,02124
537.0,42.280386,-71.0659,02124
543.0,42.284982,-71.092672,02126
546.0,42.298585,-71.101828,02131
552.0,42.30382,-71.071992,02121
562.0,42.303862,-71.071863,02121
565.0,42.306001,-71.078119,02121
571.0,42.272456,-71.068104,02124
574.0,42.271399,-71.074869,02126
588.0,42.271295,-71.074811,02126
591.0,42.272915,-71.067814,02124
602.0,42.286987,-71.128796,02131
604.0,42.281494,-71.133514,02131
609.0,42.272872,-71.143932,02132
616.0,42.261233,-71.157252,02026
621.0,42.261087,-71.157076,02026
625.0,42.267639,-71.149908,02132
628.0,42.27292,-71.143477,02132
633.0,42.281294,-71.133567,02131
636.0,42.28666,-71.127791,02131
730.0,42.361836,-71.100647,02238
763.0,42.26028,-71.158587,02026
774.0,42.272122,-71.171854,02132
779.0,42.278107,-71.160282,02132
780.0,42.278725,-71.159427,02132
781.0,42.280826,-71.158096,02132
787.0,42.285932,-71.147524,02132
795.0,42.285956,-71.129553,02131
797.0,42.286921,-71.130665,02131
804.0,42.286034,-71.147975,02132
810.0,42.282033,-71.157831,02132
812.0,42.278223,-71.160401,02132
818.0,42.272032,-71.172122,02132
820.0,42.271777,-71.171963,02132
831.0,42.260813,-71.159719,02026
853.0,42.284549,-71.16977,02132
875.0,42.300479,-71.113634,02130
879.0,42.336114,-71.035539,02127
886.0,42.336037,-71.03534,02127
889.0,42.346836,-71.043514,02210
890.0,42.347405,-71.044125,02210
892.0,42.352649,-71.055136,02205
899.0,42.348927,-71.09583,02215
900.0,42.364307,-71.18571,02172
903.0,42.357134,-71.185943,02458
904.0,42.355599,-71.182378,02138
912.0,42.350468,-71.168767,02138
913.0,42.350413,-71.166553,02135
918.0,42.349043,-71.154176,02135
922.0,42.350692,-71.145688,02135
925.0,42.353091,-71.13843,02134
926.0,42.353347,-71.136687,02134
931.0,42.35214,-71.126219,02134
937.0,42.350075,-71.108712,02215
954.0,42.350453,-71.108831,02215
959.0,42.352224,-71.123515,02134
964.0,42.353344,-71.133875,02134
966.0,42.353442,-71.137948,02134
973.0,42.349206,-71.15404,02135
979.0,42.350609,-71.168636,02138
987.0,42.355606,-71.182247,02138
994.0,42.346204,-71.152305,02135
1026.0,42.348296,-71.153761,02135
1043.0,42.361668,-71.144413,02135
1051.0,42.363248,-71.128518,02163
1059.0,42.365072,-71.105142,02139
1060.0,42.365114,-71.104311,02139
1070.0,42.363284,-71.129148,02134
1077.0,42.361858,-71.144012,02134
1084.0,42.349027,-71.153531,02135
1110.0,42.353583,-71.138173,02134
1111.0,42.353931,-71.136365,02134
1116.0,42.360621,-71.118743,02163
1123.0,42.364935,-71.104405,02139
1128.0,42.308588,-71.115487,02130
1160.0,42.319449,-71.111798,02130
1165.0,42.316446,-71.097563,02119
1187.0,42.315596,-71.098606,02130
1188.0,42.315207,-71.097652,02119
1190.0,42.35889,-71.123853,02134
1195.0,42.354278,-71.135846,02134
1214.0,42.351196,-71.167349,02138
1222.0,42.331191,-71.094468,02120
1235.0,42.343248,-71.072883,02118
1241.0,42.351748,-71.067101,02108
1258.0,42.331311,-71.094831,02120
1259.0,42.33109,-71.090881,02119
1276.0,42.339516,-71.135747,02447
1292.0,42.339199,-71.135066,02447
1302.0,42.350621,-71.131245,02134
1308.0,42.342499,-71.121845,02446
1317.0,42.333494,-71.106036,02120
1323.0,42.331479,-71.095333,02120
1325.0,42.31045,-71.091588,02119
1332.0,42.31687,-71.086525,02119
1346.0,42.317285,-71.086546,02119
1354.0,42.310329,-71.091869,02119
1357.0,42.33158,-71.095246,02120
1362.0,42.333906,-71.103897,02120
1363.0,42.333665,-71.105931,02120
1372.0,42.341909,-71.121143,02446
1378.0,42.350034,-71.130722,02134
1401.0,42.374884,-71.110198,02138
1404.0,42.37359,-71.100075,02143
1422.0,42.372767,-71.093143,02141
1425.0,42.373716,-71.100371,02143
1431.0,42.373954,-71.112665,02139
1468.0,42.303639,-71.071079,02212
1475.0,42.311233,-71.062553,02125
1480.0,42.316363,-71.065765,02125
1486.0,42.325142,-71.074807,02119
1497.0,42.325078,-71.074964,02119
1508.0,42.311094,-71.062621,02125
1515.0,42.303753,-71.071158,02212
1518.0,42.346894,-71.098925,02215
1520.0,42.343808,-71.10228,02215
1521.0,42.33851,-71.107918,02215
1525.0,42.332805,-71.113834,02120
1526.0,42.331857,-71.116931,02445
1533.0,42.329739,-71.128527,02445
1535.0,42.326526,-71.143465,02447
1540.0,42.32361,-71.163925,02467
1545.0,42.326254,-71.142702,02447
1547.0,42.329502,-71.128441,02445
1555.0,42.331641,-71.116532,02120
1563.0,42.346694,-71.098982,02215
1565.0,42.302273,-71.086506,02121
1566.0,42.30962,-71.082454,02121
1569.0,42.314494,-71.078817,02121
1576.0,42.324862,-71.075227,02121
1577.0,42.32505,-71.075288,02121
1583.0,42.314697,-71.078834,02119
1586.0,42.310143,-71.082173,02121
1587.0,42.303124,-71.08595,02121
1618.0,42.254718,-71.145182,02136
1643.0,42.235942,-71.028228,02269
1663.0,42.434571,-71.15536,02174
1677.0,42.460916,-71.165774,01890
1683.0,42.467939,-71.178331,01801
1687.0,42.47988,-71.185216,01805
1695.0,42.504893,-71.195784,01803
1714.0,42.27986,-71.093154,02126
1728.0,42.279387,-71.09285,02126
1731.0,42.284302,-71.091264,02124
1737.0,42.29572,-71.087487,02124
1741.0,42.309876,-71.091897,02121
1761.0,42.328658,-71.110231,02130
1773.0,42.349273,-71.109993,02215
1775.0,42.346727,-71.105259,02215
1778.0,42.340455,-71.105828,02115
1779.0,42.338701,-71.107013,02115
1780.0,42.337436,-71.104448,02115
1784.0,42.337416,-71.095079,02120
1799.0,42.337523,-71.095101,02120
1804.0,42.339097,-71.106836,02215
1805.0,42.340438,-71.105523,02215
1807.0,42.345214,-71.104266,02215
1808.0,42.3471,-71.105198,02215
1809.0,42.348313,-71.105903,02215
1839.0,42.293545,-71.16257,02467
1853.0,42.294255,-71.136678,02132
1875.0,42.294339,-71.136765,02131
1888.0,42.293228,-71.162319,02132
1895.0,42.302621,-71.152112,02467
1926.0,42.342769,-71.097113,02215
1939.0,42.309949,-71.115345,02130
1984.0,42.323275,-71.163979,02467
1994.0,42.346188,-71.152449,02135
2003.0,42.308723,-71.11811,02130
2020.0,42.373515,-71.12327,02163
2025.0,42.374987,-71.134068,02138
2030.0,42.374974,-71.148307,20478
2043.0,42.367918,-71.17901,02472
2050.0,42.367937,-71.178736,02472
2064.0,42.374908,-71.147889,20478
2070.0,42.374842,-71.133786,02163
2074.0,42.373051,-71.122407,02163
2076.0,42.374217,-71.11897,02163
2077.0,42.375543,-71.145767,20478
2080.0,42.380218,-71.14328,02140
2095.0,42.380242,-71.14372,02140
2098.0,42.375483,-71.146112,20478
2099.0,42.3875,-71.189976,02178
2108.0,42.378279,-71.170735,02472
2125.0,42.37782,-71.169553,02472
2134.0,42.387194,-71.190609,02178
2137.0,42.395391,-71.174422,02478
2144.0,42.39169,-71.161839,02478
2148.0,42.390758,-71.156875,02138
2154.0,42.387142,-71.14201,02140
2159.0,42.382321,-71.130977,02140
2170.0,42.376891,-71.122342,02138
2176.0,42.382317,-71.130813,02140
2181.0,42.387214,-71.141497,02140
2187.0,42.390896,-71.156152,20478
2191.0,42.391782,-71.161205,02478
2231.0,42.362498,-71.085841,02142
2251.0,42.42357,-71.176264,02476
2258.0,42.41619,-71.156708,02174
2260.0,42.414283,-71.15107,02174
2265.0,42.405583,-71.142118,02474
2271.0,42.397954,-71.130684,02140
2277.0,42.406066,-71.142554,02474
2282.0,42.414833,-71.151369,02174
2283.0,42.415673,-71.153427,02174
2291.0,42.423592,-71.17585,02476
2296.0,42.39586,-71.128749,02140
2307.0,42.37781,-71.120289,02138
2310.0,42.377805,-71.119941,02138
2321.0,42.396361,-71.12889,02140
2331.0,42.405409,-71.165109,02476
2353.0,42.406193,-71.163768,02476
2361.0,42.414514,-71.179505,02476
2362.0,42.415001,-71.150834,02174
2374.0,42.414198,-71.125938,02144
2376.0,42.411399,-71.121671,02144
2381.0,42.401653,-71.116923,02144
2388.0,42.389153,-71.097269,02143
2398.0,42.389067,-71.097025,02143
2404.0,42.396761,-71.103896,02143
2405.0,42.401721,-71.116808,02144
2410.0,42.411509,-71.121651,02144
2412.0,42.414151,-71.125672,02144
2418.0,42.421184,-71.13678,02474
2425.0,42.393959,-71.138186,02140
2430.0,42.388424,-71.118904,02140
2439.0,42.373018,-71.100107,02238
2441.0,42.369626,-71.100892,02139
2444.0,42.365266,-71.105242,02139
2448.0,42.369203,-71.101015,02139
2451.0,42.373437,-71.100422,02139
2460.0,42.388534,-71.118917,02144
2464.0,42.415764,-71.194248,02476
2495.0,42.415182,-71.195301,02476
2510.0,42.379996,-71.096698,02143
2528.0,42.376374,-71.095322,02143
2531.0,42.37812,-71.09467,02143
2553.0,42.364643,-71.127933,02163
2561.0,42.363592,-71.129142,02163
2577.0,42.403329,-71.12751,02144
2581.0,42.39693,-71.122971,02144
2591.0,42.383284,-71.107022,02143
2597.0,42.379497,-71.095404,02143
2600.0,42.377014,-71.088919,02141
2607.0,42.377092,-71.088178,02141
2612.0,42.379547,-71.095164,02143
2618.0,42.383388,-71.107062,02143
2634.0,42.403375,-71.127338,02144
2637.0,42.405907,-71.13207,02474
2664.0,42.386828,-71.09859,02143
2671.0,42.39232,-71.112537,02144
2677.0,42.392088,-71.11225,02144
2684.0,42.386815,-71.098864,02143
2691.0,42.402309,-71.12519,02144
2695.0,42.400979,-71.115776,02144
2699.0,42.397544,-71.105186,02144
2703.0,42.394942,-71.098178,02143
2729.0,42.394765,-71.097355,02145
2738.0,42.401138,-71.116273,02144
2789.0,42.265549,-71.128704,02136
2796.0,42.275802,-71.125725,02131
2805.0,42.275836,-71.125869,02131
2812.0,42.265268,-71.128517,02136
2819.0,42.254741,-71.124397,02136
2821.0,42.383307,-71.071852,02129
2829.0,42.365749,-71.058505,02113
2832.0,42.364582,-71.058203,02113
2835.0,42.373614,-71.061511,02129
2844.0,42.383268,-71.07149,02129
2850.0,42.378284,-71.060779,02129
2855.0,42.373222,-71.060875,02129
2867.0,42.383362,-71.07145,02129
2910.0,42.317228,-71.065045,02125
2913.0,42.311271,-71.070413,02212
2919.0,42.305519,-71.080507,02121
2922.0,42.301806,-71.086667,02121
2925.0,42.305402,-71.080253,02121
2931.0,42.31118,-71.070077,02212
2933.0,42.317122,-71.064572,02125
2935.0,42.319915,-71.062177,02125
3026.0,42.267632,-71.016165,02170
3031.0,42.261229,-71.011256,02170
3032.0,42.259227,-71.009528,02170
3036.0,42.255009,-71.006352,02169
3045.0,42.259781,-71.009767,02170
3046.0,42.261107,-71.011036,02170
3051.0,42.267983,-71.016449,02170
3067.0,42.297184,-71.056392,02122
3075.0,42.286327,-71.04401,02122
3078.0,42.282869,-71.054393,02122
3087.0,42.297282,-71.056364,02122
3093.0,42.255834,-71.008657,02169
3125.0,42.275585,-71.028752,02171
3128.0,42.278137,-71.027252,02171
3136.0,42.286979,-71.023727,02171
3151.0,42.297682,-71.016547,02171
3157.0,42.287287,-71.023669,02171
3165.0,42.278334,-71.027176,02171
3191.0,42.265003,-71.019209,02170
3199.0,42.255884,-71.008922,02169
3210.0,42.276116,-71.013813,02170
3227.0,42.276081,-71.014087,02170
3239.0,42.253697,-70.998993,02169
3240.0,42.25626,-70.996083,02169
3248.0,42.260829,-70.978466,02169
3265.0,42.272031,-70.950956,02191
3280.0,42.260931,-70.978531,02169
3288.0,42.256304,-70.996193,02169
3290.0,42.253438,-70.999611,02169
3292.0,42.260737,-70.978651,02169
3305.0,42.251137,-70.965313,02191
3308.0,42.250419,-70.963708,02191
3326.0,42.248742,-71.002111,02169
3327.0,42.245845,-71.000491,02169
3330.0,42.241968,-71.003612,02169
3336.0,42.242474,-71.015449,02269
3345.0,42.245524,-71.031757,02269
3359.0,42.25795,-71.039279,02171
3366.0,42.27134,-71.047728,02124
3382.0,42.271453,-71.047956,02124
3389.0,42.258688,-71.042668,02171
3391.0,42.257936,-71.039704,02171
3395.0,42.255874,-71.032785,02170
3403.0,42.245431,-71.031821,02269
3412.0,42.242378,-71.015376,02269
3418.0,42.242025,-71.003462,02169
3422.0,42.246696,-71.000719,02169
3423.0,42.248397,-71.001703,02169
3476.0,42.264971,-71.020386,02170
3513.0,42.421061,-71.136955,02474
3515.0,42.250719,-71.000181,02169
3516.0,42.250095,-70.998165,02169
3525.0,42.248353,-70.983673,02169
3539.0,42.242902,-70.950907,02191
3549.0,42.248888,-70.922437,02191
3560.0,42.256524,-70.899261,02043
3582.0,42.244102,-70.883973,02043
3595.0,42.256611,-70.899094,02043
3603.0,42.249172,-70.922316,02043
3616.0,42.243008,-70.950785,02191
3630.0,42.248184,-70.982677,02169
3639.0,42.250311,-70.998162,02169
3675.0,42.217616,-70.936939,02189
3684.0,42.214575,-70.923632,02189
3692.0,42.217957,-70.936737,02189
3707.0,42.242565,-70.947457,02191
3711.0,42.219964,-70.968502,02188
3724.0,42.236825,-70.980632,02169
3729.0,42.24125,-70.990674,02169
3789.0,42.241162,-70.990704,02169
3793.0,42.236944,-70.980937,02169
3808.0,42.219172,-70.96814,02188
3824.0,42.216028,-70.963154,02188
3852.0,42.233513,-71.006101,02269
3855.0,42.228247,-71.004983,02269
3887.0,42.174913,-71.012872,02343
3911.0,42.175491,-71.013131,02343
3943.0,42.228082,-71.004818,02184
3946.0,42.233339,-71.005958,02269
3959.0,42.241031,-71.003354,02169
3966.0,42.154859,-71.008631,02343
3986.0,42.12247,-71.014033,02401
3990.0,42.122253,-71.014077,02401
4010.0,42.154693,-71.008474,02343
4017.0,42.212758,-71.020193,02184
4019.0,42.220488,-71.023648,02269
4020.0,42.217291,-71.022573,02269
4024.0,42.212075,-71.019834,02184
4042.0,42.188177,-71.029915,02368
4058.0,42.163067,-71.041089,02368
4076.0,42.188018,-71.029746,02368
4093.0,42.235738,-71.028307,02269
4134.0,42.270098,-71.073275,02126
4144.0,42.257995,-71.081128,02126
4147.0,42.252277,-71.075258,02186
4153.0,42.24841,-71.069317,02186
4165.0,42.201227,-71.06285,02368
4177.0,42.18317,-71.053734,02368
4191.0,42.163883,-71.042345,02368
4194.0,42.248421,-71.069112,02186
4198.0,42.250861,-71.07344,02126
4232.0,42.131584,-71.040198,02322
4233.0,42.132787,-71.039789,02322
4250.0,42.161223,-71.041914,02322
4255.0,42.156299,-71.027714,02343
4258.0,42.161855,-71.040036,02343
4277.0,42.163371,-71.04184,02368
4290.0,42.183273,-71.053376,02368
4344.0,42.248574,-71.069046,02126
4364.0,42.248469,-71.069021,02186
4404.0,42.258447,-71.081447,02126
4451.0,42.462708,-70.964894,01904
4472.0,42.489357,-70.936838,01902
4475.0,42.485055,-70.94145,01902
4482.0,42.477267,-70.948921,01902
4492.0,42.45538,-70.974007,01905
4498.0,42.420606,-71.003376,02151
4515.0,42.42095,-71.00354,02151
4520.0,42.45513,-70.974024,01905
4525.0,42.462473,-70.964746,01904
4526.0,42.409969,-71.001815,02151
4538.0,42.485236,-70.941027,01902
4541.0,42.489069,-70.93701,01902
4553.0,42.512001,-70.908476,01970
4576.0,42.521992,-70.961154,01960
4588.0,42.522139,-70.960967,01960
4709.0,42.440343,-70.967824,01905
4717.0,42.409734,-70.999563,02151
4733.0,42.409697,-71.000379,02151
4755.0,42.467489,-70.924489,01907
4761.0,42.423921,-70.984702,02151
4771.0,42.483825,-70.900298,01907
4777.0,42.476191,-70.892579,01907
4807.0,42.507618,-70.845368,01945
4825.0,42.474775,-70.89366,01907
4865.0,42.476289,-70.892518,01907
4872.0,42.483861,-70.900521,01907
4886.0,42.467404,-70.924804,01907
4901.0,42.473977,-70.89429,01907
4928.0,42.523423,-70.923617,01960
4935.0,42.527273,-70.927319,01960
5002.0,42.418553,-71.107833,02155
5005.0,42.421297,-71.117556,02155
5015.0,42.396803,-71.122171,02144
5031.0,42.417908,-71.110125,02155
5034.0,42.412063,-71.110828,02155
5040.0,42.41198,-71.110725,02155
5045.0,42.39621,-71.041468,02150
5072.0,42.426729,-71.074659,02148
5080.0,42.428996,-71.088046,02148
5089.0,42.33556,-71.072264,02118
5095.0,42.344189,-71.065726,02118
5098.0,42.343739,-71.066256,02118
5104.0,42.396646,-71.121879,02144
5215.0,42.409434,-71.084091,02145
5223.0,42.294567,-71.135578,02131
5227.0,42.300704,-71.127124,02130
5232.0,42.298561,-71.102226,02131
5236.0,42.309638,-71.104245,02130
5245.0,42.300839,-71.127376,02130
5249.0,42.293913,-71.136665,02131
5256.0,42.287538,-71.14698,02132
5263.0,42.278855,-71.148157,02132
5264.0,42.423833,-71.089799,02148
5271.0,42.402581,-71.076089,02145
5282.0,42.422491,-71.092564,02155
5291.0,42.411884,-71.110644,02155
5298.0,42.402073,-71.106406,02155
5303.0,42.395076,-71.097724,02145
5306.0,42.397463,-71.09993,02155
5309.0,42.402219,-71.106442,02155
5316.0,42.411952,-71.110529,02155
5325.0,42.422453,-71.092252,02155
5327.0,42.426507,-71.073919,02148
5333.0,42.42326,-71.090929,02155
5342.0,42.426166,-71.067354,02148
5347.0,42.421724,-71.058851,02148
5354.0,42.415073,-71.048403,02149
5361.0,42.421684,-71.058585,02148
5381.0,42.427576,-71.050902,02148
5394.0,42.418708,-71.065427,02148
5404.0,42.403728,-71.061171,02149
5405.0,42.404144,-71.061262,02149
5414.0,42.418631,-71.065335,02148
5426.0,42.428147,-71.051517,02148
5436.0,42.433625,-71.046151,02148
5449.0,42.419938,-71.066126,02148
5450.0,42.381369,-71.027724,02128
5451.0,42.418786,-71.065523,02148
5457.0,42.427665,-71.064714,02148
5466.0,42.433668,-71.046006,02148
5472.0,42.442108,-71.048962,02176
5481.0,42.424878,-71.042284,02149
5488.0,42.41537,-71.048144,02149
5496.0,42.406827,-71.055845,02149
5524.0,42.424677,-71.04223,02149
5537.0,42.410245,-71.013294,02151
5547.0,42.415684,-71.033138,02149
5554.0,42.412881,-71.044764,02149
5560.0,42.403867,-71.058531,02149
5565.0,42.403864,-71.058383,02149
5569.0,42.41173,-71.04559,02149
5577.0,42.415589,-71.033108,02149
5585.0,42.410236,-71.013618,02149
5586.0,42.410663,-71.012304,02151
5592.0,42.406258,-71.029563,02150
5595.0,42.404788,-71.035371,02150
5597.0,42.403055,-71.036281,02150
5605.0,42.392841,-71.034136,02150
5607.0,42.391656,-71.038396,02150
5611.0,42.388714,-71.042267,02150
5615.0,42.392517,-71.03413,02150
5620.0,42.398055,-71.030839,02150
5626.0,42.40468,-71.035224,02150
5629.0,42.406284,-71.029419,02150
5666.0,42.380368,-71.023287,02128
5695.0,42.405955,-71.05641,02149
5713.0,42.410793,-71.01197,02151
5714.0,42.408443,-71.013505,02151
5720.0,42.399754,-71.022329,02150
5736.0,42.37409,-71.039143,02128
5740.0,42.369139,-71.039615,02128
5743.0,42.375709,-71.039031,02128
5755.0,42.399746,-71.022146,02150
5761.0,42.408222,-71.013389,02151
5763.0,42.411045,-71.011627,02151
5790.0,42.409605,-71.010465,02151
5810.0,42.397746,-70.992533,02151
5819.0,42.398027,-70.992783,02151
5832.0,42.416671,-71.016946,02151
5854.0,42.375152,-71.038382,02128
5862.0,42.366524,-71.030532,02128
5867.0,42.375083,-71.038265,02128
5879.0,42.386982,-71.00499,02152
5880.0,42.38723,-71.004229,02152
5907.0,42.381133,-71.028218,02128
5916.0,42.455459,-71.051823,02176
5921.0,42.457933,-71.04664,02176
5980.0,42.452206,-71.070158,02176
5991.0,42.436927,-71.071292,02148
6022.0,42.286623,-71.128949,02131
6103.0,42.519482,-70.894455,01970
6126.0,42.485764,-70.901798,01907
6135.0,42.47472,-70.928526,01907
6146.0,42.474534,-70.928635,01907
6157.0,42.485719,-70.901666,01907
6181.0,42.519619,-70.89472,01970
6267.0,42.42777,-71.011751,02151
6310.0,42.431898,-71.131364,02474
6322.0,42.421111,-71.117561,02155
6357.0,42.256236,-71.12058,02137
6366.0,42.267383,-71.094186,02126
6368.0,42.267439,-71.094318,02126
6390.0,42.256279,-71.120718,02136
6411.0,42.242811,-71.126148,02136
6419.0,42.253034,-71.118706,02136
6433.0,42.280568,-71.120531,02131
6459.0,42.279886,-71.118724,02131
6460.0,42.280681,-71.120534,02131
6471.0,42.266018,-71.120924,02137
6474.0,42.272827,-71.119979,02131
6478.0,42.279969,-71.118822,02131
6496.0,42.279888,-71.119028,02131
6500.0,42.273226,-71.120218,02131
6504.0,42.265743,-71.121186,02136
6509.0,42.256719,-71.124011,02136
6522.0,42.255639,-71.143083,02136
6538.0,42.35176,-71.056003,02111
6548.0,42.356837,-71.057414,02108
6550.0,42.352188,-71.057992,02111
6551.0,42.355286,-71.056411,02110
6555.0,42.35068,-71.059655,02111
6564.0,42.352253,-71.054774,02111
6565.0,42.34997,-71.063413,02111
6611.0,42.434286,-70.936127,01908
6613.0,42.427895,-70.935039,01908
6646.0,42.433819,-70.935622,01908
6700.0,42.468099,-70.985916,01905
6701.0,42.467946,-70.987559,01905
6719.0,42.487475,-71.014762,01906
6746.0,42.468169,-70.986071,01905
6747.0,42.465649,-70.983633,01905
6767.0,42.469833,-70.957108,01901
6842.0,42.474773,-70.928663,01907
6862.0,42.488031,-70.959489,01904
6902.0,42.519675,-71.21163,01803
6953.0,42.449225,-71.134346,01890
7094.0,42.366635,-71.017167,02128
7096.0,42.374693,-71.029333,02128
7097.0,42.374518,-71.029532,02128
7107.0,42.572666,-70.893092,01915
7131.0,42.549149,-70.878211,01915
7190.0,42.572655,-70.892949,01915
7214.0,42.483939,-70.941938,01902
7223.0,42.475177,-70.92929,01907
7245.0,42.469963,-70.957094,01901
7252.0,42.477064,-70.94896,01902
7260.0,42.484804,-70.959703,01904
7263.0,42.487768,-70.959411,01902
7269.0,42.540734,-70.945123,01960
7270.0,42.552271,-70.938449,01923
7290.0,42.487,-70.960247,01904
7292.0,42.48461,-70.959841,01904
7300.0,42.47718,-70.949077,01902
7319.0,42.47729,-70.949069,01902
7340.0,42.510149,-70.989516,01960
7341.0,42.510183,-70.989783,01960
7376.0,42.457778,-70.973239,01905
7394.0,42.450342,-70.994146,01906
7401.0,42.448624,-71.009514,01906
7412.0,42.432182,-71.025284,02149
7417.0,42.432858,-71.024087,02151
7428.0,42.448274,-71.009776,01906
7429.0,42.448535,-71.009114,01906
7435.0,42.450155,-70.994255,01906
7452.0,42.457719,-70.972838,01905
7474.0,42.464712,-71.009667,01906
7486.0,42.472172,-71.035003,01906
7506.0,42.46467,-71.012313,01906
7529.0,42.459904,-71.025815,01906
7539.0,42.436415,-71.037855,02149
7542.0,42.437407,-71.035521,02149
7566.0,42.448724,-71.010965,01906
7582.0,42.471996,-71.035076,01906
7600.0,42.361266,-71.261187,02466
7623.0,42.347172,-71.230344,02465
7651.0,42.349243,-71.227825,02465
7724.0,42.383613,-71.248956,02451
7828.0,42.345698,-71.257536,02466
7838.0,42.357715,-71.23961,02466
7878.0,42.448146,-71.228563,02420
7883.0,42.491701,-71.279122,01730
7898.0,42.476175,-71.251528,01731
7922.0,42.424903,-71.184975,02476
7961.0,42.43183,-71.17617,02476
8146.0,42.309356,-71.220632,02464
8151.0,42.316188,-71.213877,02464
8155.0,42.322203,-71.206537,02461
8166.0,42.351007,-71.207027,02460
8178.0,42.365436,-71.185502,02172
8203.0,42.321916,-71.206479,02461
8208.0,42.316391,-71.213905,02464
8213.0,42.309507,-71.220609,02464
8235.0,42.505072,-71.195917,01803
8244.0,42.479837,-71.185434,01805
8248.0,42.467764,-71.178436,01801
8254.0,42.460332,-71.165459,01890
8269.0,42.434419,-71.155548,02174
8281.0,42.349606,-71.065439,02116
8297.0,42.366644,-71.186543,02172
8301.0,42.436141,-71.101815,02155
8302.0,42.436082,-71.102168,02155
8303.0,42.429834,-71.103828,02155
8309.0,42.362243,-71.056806,02201
8311.0,42.424274,-71.089893,02155
8315.0,42.428286,-71.102573,02155
8326.0,42.297185,-71.056697,02122
8331.0,42.238283,-71.13563,02136
8336.0,42.436449,-71.033202,02149
8341.0,42.296877,-71.049066,02122
8394.0,42.283723,-71.169493,02132
8436.0,42.428863,-71.206655,02421
8451.0,42.476346,-71.251498,01731
8466.0,42.491566,-71.279005,01730
8471.0,42.505591,-71.273305,01730
8476.0,42.292343,-71.183913,02459
8486.0,42.298252,-71.185078,02459
8495.0,42.312107,-71.196478,02459
8504.0,42.329848,-71.194786,02459
8511.0,42.34502,-71.18996,02159
8522.0,42.344935,-71.19017,02458
8528.0,42.32989,-71.19488,02459
8537.0,42.312077,-71.196618,02459
8545.0,42.298139,-71.185086,02459
8554.0,42.292321,-71.183769,02459
8608.0,42.440051,-71.250889,02421
8629.0,42.439837,-71.250908,02421
8647.0,42.42932,-71.207156,02421
8678.0,42.374546,-71.210485,02452
8687.0,42.283684,-71.055696,02124
8692.0,42.431655,-71.130854,02474
8809.0,42.297104,-71.056561,02122
8814.0,42.281011,-71.047954,02124
8815.0,42.365985,-71.185281,02172
8825.0,42.374606,-71.210156,02452
8852.0,42.521421,-71.158783,01801
8949.0,42.255436,-71.143062,02136
9021.0,42.434125,-71.039413,02148
9025.0,42.433605,-71.046025,02148
9038.0,42.411411,-71.079279,02148
9042.0,42.409581,-71.084645,02145
9049.0,42.411446,-71.079138,02148
9060.0,42.433544,-71.0459,02148
9063.0,42.434134,-71.038861,02148
9071.0,42.468798,-71.074237,01180
9077.0,42.460717,-71.061884,02176
9085.0,42.459017,-71.047955,02176
9091.0,42.455539,-71.051934,02176
9100.0,42.453171,-71.066339,02176
9109.0,42.449223,-71.134098,01890
9125.0,42.479132,-71.152051,01801
9127.0,42.481204,-71.150841,01801
9145.0,42.431377,-71.130914,02474
9147.0,42.42737,-71.12592,02474
9161.0,42.4098,-71.085081,02145
9162.0,42.409998,-71.085185,02145
9176.0,42.426933,-71.124967,02155
9179.0,42.502413,-71.06981,01880
9188.0,42.481388,-71.065557,01880
9196.0,42.465831,-71.061664,02176
9199.0,42.460637,-71.062318,02176
9203.0,42.453221,-71.066468,02176
9226.0,42.453018,-71.066447,02176
9230.0,42.460534,-71.062229,02176
9233.0,42.466597,-71.061381,02176
9242.0,42.482118,-71.065858,01880
9251.0,42.502471,-71.069633,01880
9326.0,42.436901,-71.071145,02148
9328.0,42.436807,-71.070338,02148
9434.0,42.345304,-71.104558,02215
9441.0,42.343746,-71.102093,02215
9522.0,42.372747,-71.263706,02451
9525.0,42.382322,-71.261895,02451
9526.0,42.38164,-71.262237,02451
9780.0,42.350544,-71.166438,02135
10000.0,42.355692,-71.062911,02102
10006.0,42.335814,-71.070135,02118
10008.0,42.339915,-71.064356,02118
10011.0,42.340162,-71.064227,02118
10016.0,42.499312,-71.162566,01801
10413.0,42.314898,-71.097377,02119
10424.0,42.278467,-71.116716,02131
10590.0,42.336621,-71.076956,02118
10612.0,42.26792,-71.149996,02132
10618.0,42.256411,-71.163235,02026
10642.0,42.29985,-71.114261,02130
10820.0,42.275343,-71.171831,02492
10833.0,42.258725,-71.16853,02026
11131.0,42.318993,-71.111932,02130
11148.0,42.331221,-71.090588,02120
11241.0,42.330107,-71.062519,01125
11257.0,42.331197,-71.092692,02119
11323.0,42.330801,-71.089207,02119
11366.0,42.332409,-71.116433,02120
11384.0,42.347346,-71.075956,02116
11388.0,42.345344,-71.082045,02115
11389.0,42.345355,-71.081535,02116
11391.0,42.347559,-71.087141,02115
11408.0,42.372801,-71.094184,02141
11531.0,42.323074,-71.099546,02120
11545.0,42.325809,-71.140476,02447
11599.0,42.352561,-71.046914,02210
11613.0,42.267432,-71.149989,02132
11618.0,42.25564,-71.143709,02136
11712.0,42.284143,-71.091674,02126
11735.0,42.290104,-71.082689,02124
11771.0,42.36023,-71.094815,02139
11780.0,42.337969,-71.102457,02115
11802.0,42.338473,-71.102334,02120
11803.0,42.338207,-71.105846,02120
11837.0,42.302638,-71.152249,02467
11839.0,42.300091,-71.169801,02132
11891.0,42.357495,-71.056251,02110
11939.0,42.309651,-71.115764,02130
12231.0,42.363498,-71.087704,02142
12301.0,42.388229,-71.119545,02140
12352.0,42.405298,-71.164065,02174
12439.0,42.37378,-71.097963,02143
12451.0,42.373622,-71.097843,02143
12614.0,42.377759,-71.120538,02138
12636.0,42.406461,-71.132577,02474
12644.0,42.413862,-71.149008,02474
12829.0,42.371907,-71.060949,02129
12836.0,42.372149,-71.060233,02129
13142.0,42.297056,-71.01647,02171
13245.0,42.262116,-70.986311,02169
13321.0,42.316392,-71.083219,02121
13400.0,42.250367,-71.038385,02269
13406.0,42.244425,-71.010311,02169
13618.0,42.24757,-71.173924,02026
13808.0,42.218858,-70.967288,02188
13814.0,42.216095,-70.963522,02188
13820.0,42.201881,-70.946697,02188
13829.0,42.175628,-70.952619,02190
13839.0,42.201902,-70.946504,02188
13844.0,42.198592,-70.924618,02189
14211.0,42.270172,-71.07316,02126
14460.0,42.511791,-70.908936,01970
14717.0,42.409782,-71.002099,02151
14748.0,42.461856,-70.945945,01903
15047.0,42.391747,-71.047492,02150
15058.0,42.453002,-71.089342,02176
15095.0,42.345582,-71.064848,02118
15100.0,42.308101,-71.064371,02212
15216.0,42.287758,-71.146008,02132
15431.0,42.425461,-71.070337,02148
15795.0,42.413385,-70.99205,02151
15808.0,42.399383,-70.998214,02151
15975.0,42.452833,-71.071903,02176
15986.0,42.47828,-71.100179,02180
15989.0,42.494975,-71.103846,02180
15992.0,42.481148,-71.100301,02180
16305.0,42.421556,-71.13485,02474
16316.0,42.421294,-71.133765,02474
16434.0,42.278578,-71.11613,02131
16535.0,42.354243,-71.058557,02102
16538.0,42.354271,-71.059508,02102
16653.0,42.462057,-70.947263,01903
17091.0,42.364612,-71.020862,02128
17093.0,42.361657,-71.017833,02128
17094.0,42.366494,-71.017289,02128
17095.0,42.369344,-71.020238,02128
17096.0,42.348769,-71.042336,02210
17102.0,42.584611,-70.884687,01915
17170.0,42.549168,-70.878059,01915
17370.0,42.476049,-70.946021,01902
17391.0,42.306637,-71.087686,02121
17411.0,42.309682,-71.092111,02121
17861.0,42.336572,-71.089616,02115
17862.0,42.336489,-71.089085,02115
17863.0,42.33639,-71.08905,02115
18239.0,42.493884,-71.194413,01805
18351.0,42.566793,-70.878907,01915
18511.0,42.267508,-71.091726,02126
18636.0,42.446782,-71.226073,02420
18928.0,42.396874,-71.257249,02451
18974.0,42.242369,-71.147075,02136
18975.0,42.2425,-71.146712,02136
19031.0,42.355938,-71.185299,02458
19661.0,42.321841,-71.177708,02459
19821.0,42.322323,-71.167627,02467
20761.0,42.374217,-71.11897,02163
21148.0,42.331345,-71.093318,02119
21599.0,42.35257,-71.047578,02210
21772.0,42.354929,-71.10512,02215
21773.0,42.360559,-71.093953,02139
21917.0,42.33512,-71.149405,02447
22173.0,42.353995,-71.104785,02139
22549.0,42.375302,-71.119237,02138
22671.0,42.401638,-71.137324,02474
22751.0,42.401469,-71.136788,02474
23151.0,42.388034,-71.119253,02140
23391.0,42.347441,-71.074592,02117
23406.0,42.244334,-71.010231,02169
24481.0,42.369191,-71.100863,02139
24490.0,42.369251,-71.100745,02139
24791.0,42.398411,-71.146375,02474
25618.0,42.196239,-71.199615,02062
25989.0,42.494932,-71.101946,02180
26137.0,42.471201,-70.929601,01901
26500.0,42.278388,-71.116358,02131
26618.0,42.193899,-71.20104,02062
27092.0,42.3621,-71.01882,02128
28281.0,42.37226,-71.061979,02129
28745.0,42.394225,-71.080798,02145
28746.0,42.394706,-71.081102,02145
29001.0,42.384581,-71.076463,02145
29002.0,42.384386,-71.076502,02145
29003.0,42.384266,-71.076511,02145
29004.0,42.384142,-71.076513,02145
29005.0,42.384032,-71.076519,02145
29006.0,42.383909,-71.076521,02145
29007.0,42.384358,-71.076312,02145
29008.0,42.384167,-71.076315,02145
29009.0,42.384035,-71.076317,02145
29010.0,42.38392,-71.076318,02145
29011.0,42.384351,-71.076086,02145
29012.0,42.384163,-71.076087,02145
29051.0,42.327382,-71.061681,02125
29253.0,42.521793,-71.107921,01867
30009.0,42.328065,-71.068054,01125
30249.0,42.34508,-71.031986,02210
30250.0,42.344649,-71.030268,02127
30294.0,42.339299,-71.057007,02205
31255.0,42.3446,-71.034476,02210
31257.0,42.345192,-71.031996,02210
31317.0,42.335831,-71.099868,02120
31365.0,42.326625,-71.111437,02120
31391.0,42.341443,-71.086788,02115
32000.0,42.252035,-71.00588,02169
32001.0,42.251696,-71.004973,02169
32002.0,42.251772,-71.005099,02169
32003.0,42.251847,-71.005168,02169
32004.0,42.251908,-71.0052,02169
32005.0,42.251975,-71.005231,02169
32549.0,42.372535,-71.121784,02163
32840.0,42.38318,-71.071764,02129
32912.0,42.250785,-70.998193,02169
34579.0,42.363061,-71.088174,02142
35201.0,42.328495,-71.052689,01125
36466.0,42.254919,-71.124162,02136
36541.0,42.343942,-71.065731,02118
36618.0,42.17152,-71.209497,02032
37150.0,42.524466,-70.895998,01970
38155.0,42.336666,-71.253304,02466
38493.0,42.223852,-70.996636,02184
38671.0,42.207213,-71.001278,02184
38813.0,42.279443,-71.048564,02124
39321.0,42.241847,-70.983929,02169
39401.0,42.242281,-70.983694,02169
39683.0,42.224587,-70.99652,02184
39870.0,42.106726,-71.022045,02401
40001.0,42.325557,-71.083487,02119
41187.0,42.309302,-71.1048,02130
41391.0,42.340553,-71.088908,02115
41692.0,42.493735,-71.194221,01803
42819.0,42.237502,-71.132696,02136
42820.0,42.243524,-71.131891,02136
43011.0,42.201087,-71.06251,02368
45002.0,42.417653,-71.106038,02155
45003.0,42.418173,-71.106435,02155
45331.0,42.418111,-71.065605,02148
45413.0,42.41821,-71.065671,02148
47170.0,42.557797,-70.887236,01915
49001.0,42.355385,-71.062211,02102
49002.0,42.349908,-71.063684,02111
49158.0,42.408357,-71.091567,02155
49795.0,42.518393,-71.252377,01730
49797.0,42.516176,-71.250897,01865
49805.0,42.488073,-71.223178,01803
49806.0,42.496188,-71.232269,01805
49808.0,42.484867,-71.217131,01805
49842.0,42.479617,-71.117154,01801
49848.0,42.487986,-71.225332,01805
49901.0,42.479826,-71.117201,02180
49917.0,42.479098,-71.151629,01801
49927.0,42.468052,-71.178464,01801
49950.0,42.511785,-71.23247,01805
49999.0,42.497147,-71.126538,01801
50619.0,42.218686,-71.188179,02090
50940.0,42.485186,-71.216745,01805
51317.0,42.337711,-71.095172,02115
53270.0,42.426565,-71.074107,02148
56734.0,42.47012,-70.986748,01905
57400.0,42.36907,-71.039473,02128
58618.0,42.192493,-71.201766,02062
60618.0,42.196255,-71.199468,02062
61848.0,42.171325,-71.209502,02032
61857.0,42.191262,-71.20237,02062
63241.0,42.417797,-71.108534,02155
64000.0,42.329544,-71.083982,02119
64002.0,42.328842,-71.084633,02119
65471.0,42.357732,-71.057373,02201
65541.0,42.345765,-71.233474,02465
65547.0,42.347531,-71.245414,02466
65741.0,42.329401,-71.11093,02120
66731.0,42.462577,-70.948082,01903
67120.0,42.28101,-71.177035,02132
67202.0,42.489296,-71.019775,01906
69618.0,42.248262,-71.173256,02026
70618.0,42.25058,-71.170267,02026
71391.0,42.337684,-71.096046,02120
71855.0,42.348245,-71.076218,02117
73619.0,42.159136,-71.21835,02032
74611.0,42.352271,-71.055242,02210
74612.0,42.35245,-71.04685,02210
74613.0,42.34863,-71.04246,02210
74614.0,42.347241,-71.038801,02210
74615.0,42.34863,-71.04246,02210
74616.0,42.35245,-71.04685,02210
74617.0,42.352271,-71.055242,02210
74624.0,42.347066,-71.037969,02210
74630.0,42.396661,-71.04029,02150
74631.0,42.39682,-71.040437,02150
74632.0,42.395328,-71.033291,02150
74633.0,42.395638,-71.034599,02150
74634.0,42.394018,-71.028439,02150
74635.0,42.394168,-71.028452,02150
74636.0,42.388403,-71.02409,02150
74637.0,42.388476,-71.023829,02150
77777.0,42.332906,-71.081253,02118
78201.0,42.357685,-71.239754,02466
78211.0,42.347446,-71.245416,02466
78219.0,42.345723,-71.233334,02465
78981.0,42.475421,-71.253388,01731
78988.0,42.476167,-71.252434,01731
81317.0,42.34016,-71.088899,02115
81441.0,42.293543,-71.235202,02404
81463.0,42.309265,-71.220548,02464
81916.0,42.326155,-71.140511,02447
82034.0,42.309046,-71.22031,02464
82039.0,42.313954,-71.211591,02464
82049.0,42.313962,-71.211439,02464
82140.0,42.293848,-71.235334,02494
82471.0,42.467852,-71.178576,01801
82853.0,42.350667,-71.207073,02460
85231.0,42.458044,-71.266621,02420
85565.0,42.283778,-71.169626,02132
85568.0,42.277802,-71.167005,02132
86179.0,42.462813,-71.291173,01731
86618.0,42.145822,-71.25317,02081
86943.0,42.375625,-71.236982,02454
86944.0,42.374525,-71.235692,02454
86971.0,42.373876,-71.236394,02453
88333.0,42.374664,-71.235376,02453
88334.0,42.376251,-71.237666,02454
88591.0,42.505811,-71.147136,01801
89610.0,42.39705,-71.257227,02451
89617.0,42.158933,-71.218377,02032
90620.0,42.218878,-71.188252,02090
91317.0,42.341244,-71.08651,02115
91391.0,42.336067,-71.100187,02115
91852.0,42.273039,-71.237947,02492
93129.0,42.277475,-71.024137,02171
94320.0,42.460546,-70.954427,01902
96459.0,42.278688,-71.116096,02131
98618.0,42.145831,-71.25294,02081
99832.0,42.251984,-71.168849,02026
99991.0,42.308378,-71.115619,02130
